user_id,user_question_number,is_shared,is_health_related,context_text,reason_offensive,reason_boring,reason_personal,reason_selfpresentation,reason_content,reason_context,reason_data_type,reason_audience_type,reason_contains_picture,reason_contains_location
1,41,FALSE,FALSE,,FALSE,FALSE,FALSE,FALSE,TRUE,FALSE,FALSE,FALSE,FALSE,FALSE
1,83,FALSE,FALSE,,FALSE,TRUE,FALSE,FALSE,FALSE,FALSE,FALSE,FALSE,FALSE,FALSE
1,88,FALSE,FALSE,,FALSE,TRUE,FALSE,FALSE,FALSE,FALSE,FALSE,FALSE,FALSE,FALSE
1,17,FALSE,FALSE,,FALSE,TRUE,FALSE,FALSE,FALSE,FALSE,FALSE,FALSE,FALSE,FALSE
1,14,TRUE,FALSE,,,,,,,,,,,
1,22,FALSE,FALSE,,FALSE,TRUE,FALSE,FALSE,FALSE,FALSE,FALSE,FALSE,FALSE,FALSE
1,9,TRUE,FALSE,,,,,,,,,,,
1,19,FALSE,FALSE,,FALSE,TRUE,FALSE,FALSE,FALSE,FALSE,FALSE,FALSE,FALSE,FALSE
1,27,FALSE,FALSE,,FALSE,FALSE,FALSE,FALSE,TRUE,FALSE,FALSE,FALSE,FALSE,FALSE
1,35,FALSE,FALSE,,FALSE,FALSE,FALSE,FALSE,FALSE,FALSE,FALSE,FALSE,FALSE,TRUE
1,30,TRUE,FALSE,,,,,,,,,,,
1,1,TRUE,FALSE,,,,,,,,,,,
1,45,FALSE,FALSE,,FALSE,FALSE,FALSE,FALSE,TRUE,FALSE,FALSE,FALSE,FALSE,FALSE
1,58,FALSE,FALSE,,FALSE,TRUE,FALSE,FALSE,FALSE,FALSE,FALSE,FALSE,FALSE,FALSE
1,4,TRUE,FALSE,,,,,,,,,,,
1,78,FALSE,FALSE,,FALSE,TRUE,FALSE,FALSE,FALSE,FALSE,FALSE,FALSE,FALSE,FALSE
1,70,TRUE,TRUE,,,,,,,,,,,
1,57,TRUE,TRUE,,,,,,,,,,,
1,73,TRUE,TRUE,,,,,,,,,,,
1,38,FALSE,FALSE,,FALSE,TRUE,FALSE,FALSE,FALSE,FALSE,FALSE,FALSE,FALSE,FALSE
3,74,TRUE,TRUE,,,,,,,,,,,
3,6,TRUE,FALSE,,,,,,,,,,,
3,59,FALSE,FALSE,,FALSE,FALSE,FALSE,FALSE,TRUE,FALSE,FALSE,FALSE,FALSE,FALSE
3,85,TRUE,FALSE,,,,,,,,,,,
3,18,FALSE,TRUE,,FALSE,TRUE,FALSE,FALSE,FALSE,FALSE,FALSE,FALSE,FALSE,FALSE
3,71,TRUE,FALSE,,,,,,,,,,,
3,4,FALSE,FALSE,,FALSE,FALSE,FALSE,FALSE,TRUE,FALSE,FALSE,FALSE,FALSE,FALSE
3,7,TRUE,FALSE,,,,,,,,,,,
3,80,TRUE,FALSE,,,,,,,,,,,
3,44,FALSE,FALSE,,FALSE,TRUE,FALSE,FALSE,FALSE,FALSE,FALSE,FALSE,FALSE,FALSE
3,98,TRUE,FALSE,,,,,,,,,,,
3,38,TRUE,FALSE,,,,,,,,,,,
3,16,TRUE,TRUE,,,,,,,,,,,
3,26,TRUE,TRUE,,,,,,,,,,,
3,32,TRUE,FALSE,,,,,,,,,,,
3,43,FALSE,FALSE,,FALSE,TRUE,FALSE,FALSE,FALSE,FALSE,FALSE,FALSE,FALSE,FALSE
3,29,FALSE,FALSE,,FALSE,TRUE,FALSE,FALSE,FALSE,FALSE,FALSE,FALSE,FALSE,FALSE
3,30,FALSE,FALSE,,FALSE,TRUE,FALSE,FALSE,FALSE,FALSE,FALSE,FALSE,FALSE,FALSE
3,47,TRUE,TRUE,,,,,,,,,,,
3,34,FALSE,FALSE,,FALSE,TRUE,FALSE,FALSE,FALSE,FALSE,FALSE,FALSE,FALSE,FALSE
2,39,FALSE,FALSE,,FALSE,FALSE,TRUE,FALSE,TRUE,FALSE,FALSE,FALSE,FALSE,FALSE
2,78,TRUE,FALSE,,,,,,,,,,,
2,57,FALSE,FALSE,,FALSE,FALSE,FALSE,FALSE,FALSE,FALSE,FALSE,TRUE,FALSE,FALSE
2,28,TRUE,FALSE,,,,,,,,,,,
2,75,TRUE,FALSE,,,,,,,,,,,
2,58,TRUE,FALSE,,,,,,,,,,,
2,70,FALSE,TRUE,,FALSE,FALSE,FALSE,FALSE,FALSE,FALSE,FALSE,TRUE,FALSE,FALSE
2,50,FALSE,FALSE,,FALSE,FALSE,FALSE,FALSE,FALSE,FALSE,FALSE,TRUE,FALSE,FALSE
2,51,TRUE,FALSE,,,,,,,,,,,
2,19,TRUE,FALSE,,,,,,,,,,,
2,20,FALSE,TRUE,,FALSE,FALSE,FALSE,FALSE,FALSE,FALSE,FALSE,TRUE,FALSE,FALSE
2,71,FALSE,TRUE,,FALSE,FALSE,FALSE,FALSE,FALSE,FALSE,FALSE,TRUE,FALSE,FALSE
2,62,FALSE,FALSE,,FALSE,FALSE,FALSE,FALSE,FALSE,FALSE,FALSE,TRUE,FALSE,FALSE
2,67,FALSE,FALSE,,FALSE,FALSE,FALSE,FALSE,FALSE,FALSE,FALSE,TRUE,FALSE,FALSE
2,73,FALSE,FALSE,,FALSE,FALSE,FALSE,FALSE,FALSE,FALSE,FALSE,TRUE,FALSE,FALSE
2,59,FALSE,FALSE,,FALSE,FALSE,FALSE,FALSE,FALSE,FALSE,FALSE,TRUE,FALSE,FALSE
2,23,FALSE,FALSE,,FALSE,FALSE,FALSE,FALSE,FALSE,FALSE,FALSE,TRUE,FALSE,FALSE
2,41,TRUE,TRUE,,,,,,,,,,,
2,3,FALSE,FALSE,,FALSE,FALSE,FALSE,FALSE,FALSE,FALSE,FALSE,TRUE,FALSE,FALSE
2,35,FALSE,FALSE,,FALSE,TRUE,FALSE,FALSE,FALSE,FALSE,FALSE,FALSE,FALSE,FALSE
4,12,TRUE,FALSE,,,,,,,,,,,
4,60,FALSE,FALSE,,FALSE,TRUE,FALSE,FALSE,FALSE,FALSE,FALSE,FALSE,FALSE,FALSE
4,34,TRUE,FALSE,,,,,,,,,,,
4,30,FALSE,FALSE,,FALSE,FALSE,FALSE,FALSE,FALSE,FALSE,TRUE,FALSE,FALSE,FALSE
4,56,TRUE,TRUE,,,,,,,,,,,
4,3,TRUE,FALSE,,,,,,,,,,,
4,8,TRUE,FALSE,,,,,,,,,,,
4,6,TRUE,FALSE,,,,,,,,,,,
4,81,TRUE,FALSE,,,,,,,,,,,
4,7,TRUE,FALSE,,,,,,,,,,,
4,5,TRUE,FALSE,,,,,,,,,,,
4,70,TRUE,FALSE,,,,,,,,,,,
4,88,TRUE,TRUE,,,,,,,,,,,
4,61,TRUE,FALSE,,,,,,,,,,,
4,66,TRUE,TRUE,,,,,,,,,,,
4,80,TRUE,FALSE,,,,,,,,,,,
4,18,FALSE,FALSE,,FALSE,FALSE,FALSE,FALSE,TRUE,FALSE,FALSE,FALSE,FALSE,FALSE
4,54,TRUE,FALSE,,,,,,,,,,,
4,50,TRUE,FALSE,,,,,,,,,,,
4,58,FALSE,FALSE,,FALSE,FALSE,FALSE,FALSE,TRUE,FALSE,FALSE,FALSE,FALSE,FALSE
5,89,TRUE,FALSE,,,,,,,,,,,
6,9,FALSE,FALSE,,FALSE,FALSE,TRUE,FALSE,FALSE,FALSE,FALSE,FALSE,FALSE,FALSE
5,20,TRUE,FALSE,,,,,,,,,,,
5,82,TRUE,FALSE,,,,,,,,,,,
6,31,TRUE,FALSE,,,,,,,,,,,
5,68,TRUE,FALSE,,,,,,,,,,,
6,59,TRUE,FALSE,,,,,,,,,,,
5,78,TRUE,FALSE,,,,,,,,,,,
5,12,TRUE,FALSE,,,,,,,,,,,
6,4,FALSE,FALSE,,FALSE,FALSE,FALSE,FALSE,FALSE,FALSE,FALSE,FALSE,FALSE,FALSE
6,12,FALSE,FALSE,,FALSE,FALSE,FALSE,FALSE,FALSE,FALSE,FALSE,FALSE,FALSE,FALSE
6,21,FALSE,FALSE,,FALSE,FALSE,FALSE,FALSE,FALSE,FALSE,FALSE,FALSE,FALSE,FALSE
6,55,TRUE,TRUE,,,,,,,,,,,
6,43,FALSE,FALSE,,FALSE,FALSE,FALSE,FALSE,FALSE,FALSE,FALSE,FALSE,FALSE,FALSE
6,3,TRUE,FALSE,,,,,,,,,,,
5,10,FALSE,FALSE,,FALSE,FALSE,FALSE,FALSE,TRUE,FALSE,FALSE,FALSE,FALSE,FALSE
6,29,TRUE,TRUE,,,,,,,,,,,
5,88,TRUE,FALSE,,,,,,,,,,,
5,4,FALSE,FALSE,,FALSE,FALSE,FALSE,FALSE,FALSE,FALSE,TRUE,FALSE,FALSE,FALSE
6,18,FALSE,FALSE,,FALSE,FALSE,FALSE,FALSE,FALSE,FALSE,FALSE,FALSE,FALSE,FALSE
5,99,TRUE,FALSE,,,,,,,,,,,
6,25,TRUE,TRUE,,,,,,,,,,,
6,47,TRUE,TRUE,,,,,,,,,,,
5,71,FALSE,FALSE,,FALSE,FALSE,FALSE,FALSE,TRUE,FALSE,FALSE,FALSE,FALSE,FALSE
5,76,TRUE,FALSE,,,,,,,,,,,
6,70,TRUE,FALSE,,,,,,,,,,,
6,56,FALSE,FALSE,,FALSE,FALSE,FALSE,FALSE,FALSE,FALSE,FALSE,FALSE,FALSE,FALSE
5,19,TRUE,FALSE,,,,,,,,,,,
5,37,TRUE,FALSE,,,,,,,,,,,
6,38,FALSE,TRUE,,FALSE,FALSE,FALSE,FALSE,FALSE,FALSE,FALSE,FALSE,FALSE,FALSE
6,19,FALSE,FALSE,,FALSE,FALSE,FALSE,FALSE,FALSE,FALSE,FALSE,FALSE,FALSE,FALSE
6,6,FALSE,FALSE,,FALSE,FALSE,FALSE,FALSE,FALSE,FALSE,FALSE,FALSE,FALSE,FALSE
6,35,TRUE,FALSE,,,,,,,,,,,
6,39,FALSE,FALSE,,FALSE,FALSE,FALSE,FALSE,FALSE,FALSE,FALSE,FALSE,FALSE,FALSE
5,40,FALSE,FALSE,,FALSE,FALSE,FALSE,FALSE,FALSE,FALSE,FALSE,TRUE,FALSE,FALSE
5,22,TRUE,FALSE,,,,,,,,,,,
5,85,TRUE,TRUE,,,,,,,,,,,
5,11,TRUE,FALSE,,,,,,,,,,,
5,96,TRUE,TRUE,,,,,,,,,,,
5,34,TRUE,FALSE,,,,,,,,,,,
5,34,TRUE,FALSE,,,,,,,,,,,
9,12,TRUE,TRUE,,,,,,,,,,,
9,9,TRUE,FALSE,,,,,,,,,,,
9,29,TRUE,FALSE,,,,,,,,,,,
9,3,TRUE,FALSE,,,,,,,,,,,
9,7,TRUE,FALSE,,,,,,,,,,,
9,15,TRUE,FALSE,,,,,,,,,,,
9,35,TRUE,TRUE,,,,,,,,,,,
9,17,TRUE,FALSE,,,,,,,,,,,
9,44,TRUE,FALSE,,,,,,,,,,,
9,49,TRUE,FALSE,,,,,,,,,,,
9,38,TRUE,FALSE,,,,,,,,,,,
9,28,TRUE,FALSE,,,,,,,,,,,
9,32,TRUE,FALSE,,,,,,,,,,,
9,33,TRUE,FALSE,,,,,,,,,,,
9,39,TRUE,FALSE,,,,,,,,,,,
9,5,TRUE,FALSE,,,,,,,,,,,
9,16,TRUE,FALSE,,,,,,,,,,,
9,42,TRUE,FALSE,,,,,,,,,,,
9,23,TRUE,FALSE,,,,,,,,,,,
9,1,TRUE,FALSE,,,,,,,,,,,
10,35,FALSE,FALSE,,FALSE,TRUE,FALSE,FALSE,FALSE,FALSE,FALSE,FALSE,FALSE,FALSE
10,57,FALSE,FALSE,,FALSE,FALSE,TRUE,FALSE,FALSE,FALSE,FALSE,FALSE,FALSE,FALSE
10,90,FALSE,FALSE,,FALSE,FALSE,FALSE,FALSE,FALSE,FALSE,FALSE,TRUE,FALSE,FALSE
10,53,FALSE,FALSE,,FALSE,TRUE,FALSE,FALSE,FALSE,FALSE,FALSE,FALSE,FALSE,FALSE
10,73,FALSE,FALSE,,FALSE,FALSE,FALSE,FALSE,TRUE,FALSE,FALSE,FALSE,FALSE,FALSE
10,95,TRUE,TRUE,,,,,,,,,,,
10,34,TRUE,TRUE,,,,,,,,,,,
10,23,FALSE,FALSE,,FALSE,TRUE,FALSE,FALSE,FALSE,FALSE,FALSE,FALSE,FALSE,FALSE
10,81,TRUE,FALSE,,,,,,,,,,,
10,66,TRUE,FALSE,,,,,,,,,,,
10,20,FALSE,FALSE,,FALSE,FALSE,FALSE,FALSE,TRUE,FALSE,FALSE,FALSE,FALSE,FALSE
10,44,FALSE,FALSE,,FALSE,FALSE,FALSE,FALSE,FALSE,FALSE,TRUE,FALSE,FALSE,FALSE
10,17,FALSE,FALSE,,FALSE,FALSE,TRUE,FALSE,FALSE,FALSE,FALSE,FALSE,FALSE,FALSE
10,55,TRUE,TRUE,,,,,,,,,,,
10,92,FALSE,FALSE,,FALSE,TRUE,FALSE,FALSE,FALSE,FALSE,FALSE,FALSE,FALSE,FALSE
10,18,FALSE,FALSE,,FALSE,FALSE,FALSE,FALSE,TRUE,FALSE,FALSE,FALSE,FALSE,FALSE
10,54,FALSE,FALSE,,FALSE,FALSE,FALSE,FALSE,TRUE,FALSE,FALSE,FALSE,FALSE,FALSE
10,62,TRUE,FALSE,,,,,,,,,,,
10,11,FALSE,FALSE,,FALSE,FALSE,TRUE,FALSE,FALSE,FALSE,FALSE,FALSE,FALSE,FALSE
10,58,FALSE,FALSE,,FALSE,FALSE,FALSE,FALSE,FALSE,FALSE,TRUE,FALSE,FALSE,FALSE
8,62,FALSE,FALSE,,FALSE,TRUE,FALSE,FALSE,FALSE,FALSE,FALSE,FALSE,FALSE,FALSE
8,6,TRUE,FALSE,,,,,,,,,,,
8,10,TRUE,TRUE,,,,,,,,,,,
8,48,TRUE,FALSE,,,,,,,,,,,
8,52,TRUE,FALSE,,,,,,,,,,,
8,33,TRUE,FALSE,,,,,,,,,,,
8,17,FALSE,FALSE,,FALSE,FALSE,TRUE,FALSE,FALSE,FALSE,TRUE,FALSE,FALSE,FALSE
8,61,TRUE,FALSE,,,,,,,,,,,
8,4,FALSE,FALSE,,FALSE,FALSE,TRUE,FALSE,FALSE,FALSE,FALSE,FALSE,FALSE,FALSE
8,64,FALSE,FALSE,,FALSE,TRUE,FALSE,FALSE,FALSE,FALSE,FALSE,FALSE,FALSE,FALSE
8,22,FALSE,FALSE,,FALSE,TRUE,FALSE,FALSE,FALSE,FALSE,FALSE,FALSE,FALSE,FALSE
8,76,TRUE,TRUE,,,,,,,,,,,
8,29,TRUE,TRUE,,,,,,,,,,,
8,13,TRUE,FALSE,,,,,,,,,,,
8,35,TRUE,FALSE,,,,,,,,,,,
8,31,TRUE,FALSE,,,,,,,,,,,
8,71,FALSE,FALSE,,FALSE,TRUE,FALSE,FALSE,FALSE,FALSE,FALSE,FALSE,FALSE,FALSE
8,54,TRUE,FALSE,,,,,,,,,,,
8,3,TRUE,FALSE,,,,,,,,,,,
8,53,TRUE,FALSE,,,,,,,,,,,
7,73,TRUE,FALSE,,,,,,,,,,,
7,10,TRUE,FALSE,,,,,,,,,,,
7,100,TRUE,FALSE,,,,,,,,,,,
7,23,TRUE,FALSE,,,,,,,,,,,
12,44,TRUE,TRUE,,,,,,,,,,,
7,27,FALSE,FALSE,,FALSE,FALSE,TRUE,FALSE,TRUE,FALSE,FALSE,FALSE,FALSE,FALSE
7,16,FALSE,FALSE,,FALSE,FALSE,TRUE,FALSE,FALSE,FALSE,FALSE,TRUE,FALSE,FALSE
7,21,FALSE,FALSE,,FALSE,FALSE,TRUE,FALSE,TRUE,FALSE,FALSE,TRUE,FALSE,FALSE
12,52,FALSE,FALSE,,FALSE,FALSE,FALSE,TRUE,FALSE,FALSE,FALSE,TRUE,FALSE,FALSE
7,79,FALSE,TRUE,,FALSE,FALSE,TRUE,TRUE,FALSE,TRUE,TRUE,TRUE,FALSE,FALSE
7,45,TRUE,FALSE,,,,,,,,,,,
7,63,FALSE,FALSE,,FALSE,FALSE,TRUE,FALSE,TRUE,TRUE,TRUE,TRUE,FALSE,FALSE
7,75,FALSE,FALSE,,FALSE,FALSE,TRUE,FALSE,FALSE,FALSE,FALSE,TRUE,FALSE,FALSE
7,18,FALSE,FALSE,,FALSE,FALSE,TRUE,FALSE,TRUE,FALSE,FALSE,TRUE,FALSE,FALSE
12,78,FALSE,TRUE,,FALSE,FALSE,FALSE,FALSE,FALSE,TRUE,FALSE,FALSE,FALSE,FALSE
7,74,TRUE,FALSE,,,,,,,,,,,
7,83,FALSE,FALSE,,FALSE,FALSE,TRUE,FALSE,TRUE,FALSE,FALSE,TRUE,FALSE,FALSE
12,71,FALSE,FALSE,Its personal to me being family,FALSE,FALSE,TRUE,FALSE,FALSE,FALSE,TRUE,FALSE,FALSE,FALSE
7,97,TRUE,FALSE,,,,,,,,,,,
12,27,FALSE,FALSE,,FALSE,TRUE,FALSE,FALSE,FALSE,FALSE,FALSE,FALSE,FALSE,FALSE
7,60,FALSE,FALSE,,FALSE,FALSE,TRUE,FALSE,FALSE,FALSE,FALSE,TRUE,FALSE,FALSE
12,46,FALSE,FALSE,,FALSE,TRUE,FALSE,FALSE,FALSE,FALSE,FALSE,TRUE,FALSE,FALSE
12,13,FALSE,FALSE,,FALSE,FALSE,FALSE,FALSE,FALSE,FALSE,FALSE,TRUE,FALSE,FALSE
7,14,FALSE,FALSE,,FALSE,FALSE,TRUE,FALSE,TRUE,TRUE,FALSE,TRUE,FALSE,FALSE
7,54,TRUE,FALSE,,,,,,,,,,,
12,22,FALSE,FALSE,,FALSE,FALSE,FALSE,FALSE,FALSE,FALSE,FALSE,TRUE,FALSE,FALSE
7,33,TRUE,FALSE,,,,,,,,,,,
12,57,FALSE,FALSE,,FALSE,FALSE,FALSE,FALSE,FALSE,TRUE,FALSE,TRUE,FALSE,FALSE
7,76,TRUE,FALSE,,,,,,,,,,,
12,90,TRUE,FALSE,,,,,,,,,,,
12,84,FALSE,FALSE,Its family private photos containing children,FALSE,FALSE,FALSE,FALSE,FALSE,FALSE,TRUE,FALSE,FALSE,FALSE
12,81,TRUE,FALSE,,,,,,,,,,,
12,77,FALSE,FALSE,Person pictured doesn't want it shared publicly,FALSE,FALSE,FALSE,FALSE,FALSE,FALSE,TRUE,TRUE,FALSE,FALSE
12,75,FALSE,FALSE,,FALSE,FALSE,FALSE,FALSE,FALSE,FALSE,FALSE,TRUE,FALSE,FALSE
12,15,FALSE,FALSE,,FALSE,FALSE,FALSE,TRUE,FALSE,FALSE,TRUE,TRUE,FALSE,FALSE
12,4,TRUE,FALSE,,,,,,,,,,,
12,21,FALSE,FALSE,,FALSE,TRUE,FALSE,FALSE,FALSE,FALSE,FALSE,TRUE,FALSE,FALSE
12,32,FALSE,FALSE,,FALSE,TRUE,FALSE,FALSE,FALSE,FALSE,FALSE,TRUE,FALSE,FALSE
12,3,TRUE,FALSE,,,,,,,,,,,
12,56,TRUE,TRUE,,,,,,,,,,,
13,5,FALSE,FALSE,,FALSE,FALSE,TRUE,FALSE,TRUE,FALSE,FALSE,FALSE,FALSE,FALSE
13,94,FALSE,FALSE,,FALSE,FALSE,FALSE,FALSE,FALSE,FALSE,TRUE,TRUE,FALSE,FALSE
13,66,FALSE,FALSE,,FALSE,FALSE,TRUE,FALSE,TRUE,FALSE,FALSE,FALSE,FALSE,FALSE
13,93,FALSE,FALSE,,FALSE,FALSE,TRUE,FALSE,FALSE,FALSE,FALSE,FALSE,FALSE,FALSE
13,59,FALSE,FALSE,,FALSE,FALSE,TRUE,FALSE,FALSE,FALSE,FALSE,FALSE,FALSE,FALSE
13,61,TRUE,FALSE,,,,,,,,,,,
13,46,FALSE,FALSE,,FALSE,FALSE,FALSE,FALSE,TRUE,FALSE,TRUE,TRUE,FALSE,FALSE
13,53,TRUE,FALSE,,,,,,,,,,,
13,14,FALSE,FALSE,,FALSE,TRUE,FALSE,FALSE,FALSE,FALSE,FALSE,FALSE,FALSE,FALSE
13,86,FALSE,FALSE,,FALSE,FALSE,TRUE,FALSE,TRUE,FALSE,FALSE,FALSE,FALSE,FALSE
13,78,FALSE,FALSE,,FALSE,TRUE,FALSE,FALSE,FALSE,FALSE,FALSE,FALSE,FALSE,FALSE
13,41,FALSE,FALSE,,FALSE,FALSE,TRUE,FALSE,FALSE,FALSE,FALSE,FALSE,FALSE,FALSE
13,17,FALSE,FALSE,,FALSE,TRUE,FALSE,FALSE,FALSE,FALSE,FALSE,FALSE,FALSE,FALSE
13,92,FALSE,FALSE,,FALSE,TRUE,TRUE,FALSE,FALSE,FALSE,FALSE,FALSE,FALSE,FALSE
13,56,FALSE,FALSE,,FALSE,FALSE,FALSE,FALSE,FALSE,FALSE,FALSE,TRUE,FALSE,FALSE
13,89,FALSE,FALSE,,FALSE,FALSE,TRUE,FALSE,FALSE,FALSE,FALSE,FALSE,FALSE,FALSE
13,76,FALSE,FALSE,,FALSE,FALSE,TRUE,FALSE,FALSE,FALSE,FALSE,FALSE,FALSE,FALSE
13,88,FALSE,FALSE,,FALSE,TRUE,FALSE,FALSE,FALSE,FALSE,FALSE,FALSE,FALSE,FALSE
13,60,FALSE,FALSE,,FALSE,FALSE,FALSE,FALSE,FALSE,FALSE,FALSE,TRUE,FALSE,FALSE
13,3,FALSE,FALSE,,FALSE,FALSE,FALSE,FALSE,FALSE,FALSE,FALSE,TRUE,FALSE,FALSE
14,41,FALSE,FALSE,,FALSE,TRUE,FALSE,FALSE,FALSE,FALSE,TRUE,FALSE,FALSE,FALSE
14,24,FALSE,FALSE,,FALSE,TRUE,FALSE,FALSE,FALSE,FALSE,TRUE,FALSE,FALSE,FALSE
14,74,FALSE,FALSE,,FALSE,FALSE,FALSE,FALSE,FALSE,FALSE,TRUE,FALSE,FALSE,FALSE
14,99,TRUE,FALSE,,,,,,,,,,,
14,32,FALSE,FALSE,,FALSE,FALSE,FALSE,FALSE,FALSE,FALSE,TRUE,FALSE,FALSE,FALSE
14,35,TRUE,FALSE,,,,,,,,,,,
14,49,FALSE,FALSE,,FALSE,FALSE,FALSE,FALSE,FALSE,FALSE,TRUE,FALSE,FALSE,FALSE
14,50,FALSE,FALSE,,FALSE,FALSE,FALSE,FALSE,FALSE,FALSE,TRUE,FALSE,FALSE,FALSE
14,27,FALSE,FALSE,,FALSE,FALSE,FALSE,FALSE,FALSE,FALSE,TRUE,FALSE,FALSE,FALSE
14,46,FALSE,FALSE,,FALSE,FALSE,FALSE,FALSE,FALSE,FALSE,FALSE,TRUE,FALSE,FALSE
14,82,FALSE,FALSE,,FALSE,FALSE,FALSE,FALSE,FALSE,FALSE,TRUE,FALSE,FALSE,FALSE
14,26,TRUE,FALSE,,,,,,,,,,,
14,66,FALSE,FALSE,,FALSE,FALSE,FALSE,FALSE,FALSE,FALSE,TRUE,TRUE,FALSE,FALSE
14,14,FALSE,FALSE,,FALSE,FALSE,FALSE,FALSE,FALSE,FALSE,TRUE,TRUE,FALSE,FALSE
14,78,TRUE,FALSE,,,,,,,,,,,
14,43,FALSE,FALSE,,FALSE,FALSE,FALSE,FALSE,TRUE,FALSE,TRUE,TRUE,FALSE,FALSE
14,1,FALSE,FALSE,,FALSE,FALSE,FALSE,FALSE,FALSE,FALSE,TRUE,TRUE,FALSE,FALSE
14,98,FALSE,FALSE,,FALSE,FALSE,FALSE,FALSE,FALSE,FALSE,TRUE,TRUE,FALSE,FALSE
14,12,FALSE,FALSE,,FALSE,FALSE,FALSE,FALSE,FALSE,FALSE,FALSE,TRUE,FALSE,FALSE
14,64,FALSE,FALSE,,FALSE,FALSE,FALSE,FALSE,FALSE,FALSE,TRUE,TRUE,TRUE,FALSE
15,28,FALSE,FALSE,It contains photos of my children.,FALSE,FALSE,FALSE,FALSE,FALSE,FALSE,FALSE,FALSE,FALSE,FALSE
15,38,FALSE,FALSE,It is a photo of my son.,FALSE,FALSE,FALSE,FALSE,TRUE,FALSE,FALSE,FALSE,FALSE,FALSE
15,19,FALSE,FALSE,It is personal between me and a friend.,FALSE,TRUE,TRUE,FALSE,FALSE,FALSE,FALSE,FALSE,FALSE,FALSE
15,6,FALSE,FALSE,This is an album only visible to me for uploading photos off my phone to free up space.,FALSE,FALSE,FALSE,FALSE,FALSE,FALSE,TRUE,FALSE,FALSE,FALSE
15,97,TRUE,FALSE,,,,,,,,,,,
15,35,TRUE,FALSE,,,,,,,,,,,
15,84,FALSE,FALSE,,FALSE,FALSE,TRUE,FALSE,FALSE,FALSE,FALSE,FALSE,FALSE,FALSE
15,64,FALSE,FALSE,It is a photo of my son,FALSE,FALSE,FALSE,FALSE,TRUE,FALSE,FALSE,FALSE,FALSE,FALSE
15,26,TRUE,FALSE,,,,,,,,,,,
15,23,TRUE,FALSE,,,,,,,,,,,
15,4,FALSE,FALSE,It is personal to my family and friends ,FALSE,FALSE,TRUE,FALSE,FALSE,FALSE,FALSE,FALSE,FALSE,FALSE
15,71,TRUE,FALSE,,,,,,,,,,,
15,78,TRUE,FALSE,,,,,,,,,,,
15,57,FALSE,FALSE,"It was aimed at a good friend, not for public use",FALSE,FALSE,FALSE,FALSE,TRUE,FALSE,FALSE,FALSE,FALSE,FALSE
15,89,FALSE,FALSE,,FALSE,FALSE,FALSE,FALSE,TRUE,FALSE,FALSE,FALSE,FALSE,FALSE
15,41,FALSE,FALSE,,FALSE,FALSE,FALSE,FALSE,TRUE,FALSE,FALSE,FALSE,FALSE,FALSE
15,8,FALSE,FALSE,,FALSE,FALSE,FALSE,FALSE,TRUE,FALSE,FALSE,FALSE,FALSE,FALSE
15,96,TRUE,FALSE,,,,,,,,,,,
15,70,TRUE,FALSE,,,,,,,,,,,
15,74,TRUE,FALSE,,,,,,,,,,,
16,89,TRUE,FALSE,,,,,,,,,,,
16,84,TRUE,FALSE,,,,,,,,,,,
16,23,TRUE,TRUE,,,,,,,,,,,
16,15,TRUE,FALSE,,,,,,,,,,,
16,74,FALSE,FALSE,,FALSE,FALSE,FALSE,FALSE,TRUE,FALSE,FALSE,FALSE,FALSE,FALSE
16,20,TRUE,FALSE,,,,,,,,,,,
16,82,TRUE,TRUE,,,,,,,,,,,
16,87,TRUE,FALSE,,,,,,,,,,,
16,70,TRUE,FALSE,,,,,,,,,,,
16,5,FALSE,TRUE,,FALSE,TRUE,FALSE,FALSE,TRUE,FALSE,FALSE,FALSE,FALSE,FALSE
16,3,TRUE,FALSE,,,,,,,,,,,
16,26,FALSE,FALSE,,FALSE,TRUE,FALSE,FALSE,TRUE,FALSE,FALSE,FALSE,FALSE,FALSE
16,31,TRUE,TRUE,,,,,,,,,,,
16,51,TRUE,FALSE,,,,,,,,,,,
16,55,FALSE,FALSE,,FALSE,TRUE,FALSE,TRUE,FALSE,FALSE,FALSE,FALSE,FALSE,FALSE
16,2,TRUE,FALSE,,,,,,,,,,,
16,65,TRUE,FALSE,,,,,,,,,,,
16,27,FALSE,FALSE,,FALSE,TRUE,FALSE,FALSE,TRUE,TRUE,FALSE,FALSE,FALSE,FALSE
16,17,FALSE,FALSE,,FALSE,FALSE,FALSE,FALSE,TRUE,FALSE,FALSE,FALSE,FALSE,FALSE
16,66,FALSE,FALSE,,FALSE,TRUE,FALSE,TRUE,TRUE,TRUE,FALSE,FALSE,FALSE,FALSE
16,66,FALSE,FALSE,,FALSE,TRUE,FALSE,TRUE,TRUE,TRUE,FALSE,FALSE,FALSE,FALSE
17,47,FALSE,FALSE,,FALSE,TRUE,FALSE,FALSE,TRUE,FALSE,FALSE,TRUE,FALSE,FALSE
17,60,FALSE,FALSE,,FALSE,TRUE,FALSE,FALSE,FALSE,FALSE,TRUE,FALSE,FALSE,FALSE
17,62,FALSE,FALSE,,FALSE,FALSE,TRUE,FALSE,FALSE,FALSE,FALSE,TRUE,TRUE,FALSE
17,33,FALSE,FALSE,,FALSE,TRUE,FALSE,FALSE,FALSE,FALSE,FALSE,TRUE,FALSE,FALSE
17,27,FALSE,FALSE,,FALSE,TRUE,FALSE,FALSE,FALSE,FALSE,FALSE,FALSE,FALSE,FALSE
17,86,FALSE,FALSE,,FALSE,TRUE,FALSE,FALSE,FALSE,FALSE,TRUE,TRUE,FALSE,FALSE
17,93,FALSE,FALSE,,FALSE,TRUE,TRUE,FALSE,TRUE,FALSE,TRUE,TRUE,FALSE,FALSE
17,21,TRUE,FALSE,,,,,,,,,,,
17,7,TRUE,FALSE,,,,,,,,,,,
17,87,FALSE,FALSE,,FALSE,FALSE,TRUE,FALSE,FALSE,FALSE,FALSE,TRUE,TRUE,FALSE
17,16,FALSE,FALSE,,FALSE,FALSE,TRUE,FALSE,FALSE,TRUE,FALSE,TRUE,FALSE,FALSE
17,18,FALSE,FALSE,,FALSE,TRUE,FALSE,FALSE,FALSE,FALSE,TRUE,FALSE,FALSE,FALSE
17,80,FALSE,FALSE,,FALSE,FALSE,FALSE,FALSE,FALSE,FALSE,FALSE,TRUE,FALSE,FALSE
17,29,FALSE,FALSE,,FALSE,FALSE,TRUE,FALSE,FALSE,FALSE,FALSE,TRUE,TRUE,FALSE
17,56,FALSE,FALSE,,FALSE,FALSE,TRUE,FALSE,TRUE,FALSE,FALSE,TRUE,FALSE,FALSE
17,89,FALSE,FALSE,,FALSE,FALSE,FALSE,FALSE,TRUE,FALSE,FALSE,FALSE,FALSE,FALSE
17,30,FALSE,FALSE,,FALSE,TRUE,FALSE,FALSE,FALSE,FALSE,FALSE,FALSE,FALSE,FALSE
17,5,TRUE,FALSE,,,,,,,,,,,
17,32,FALSE,FALSE,,FALSE,TRUE,FALSE,FALSE,TRUE,FALSE,TRUE,TRUE,FALSE,FALSE
17,28,FALSE,FALSE,,FALSE,FALSE,FALSE,FALSE,TRUE,FALSE,TRUE,TRUE,FALSE,FALSE
19,49,FALSE,FALSE,,FALSE,FALSE,FALSE,FALSE,FALSE,FALSE,FALSE,FALSE,FALSE,FALSE
19,36,FALSE,FALSE,,FALSE,FALSE,FALSE,FALSE,FALSE,FALSE,FALSE,FALSE,FALSE,FALSE
19,32,FALSE,FALSE,,FALSE,FALSE,FALSE,FALSE,FALSE,FALSE,FALSE,FALSE,FALSE,FALSE
19,26,FALSE,FALSE,,FALSE,FALSE,FALSE,FALSE,FALSE,FALSE,FALSE,FALSE,FALSE,FALSE
19,86,FALSE,FALSE,,FALSE,TRUE,FALSE,FALSE,FALSE,FALSE,FALSE,FALSE,FALSE,FALSE
19,10,TRUE,FALSE,,,,,,,,,,,
19,29,FALSE,FALSE,,FALSE,FALSE,FALSE,FALSE,FALSE,FALSE,FALSE,FALSE,FALSE,FALSE
19,48,FALSE,FALSE,,FALSE,FALSE,FALSE,FALSE,FALSE,FALSE,FALSE,FALSE,FALSE,FALSE
19,62,FALSE,FALSE,,FALSE,FALSE,FALSE,FALSE,FALSE,FALSE,FALSE,FALSE,FALSE,FALSE
19,76,TRUE,TRUE,,,,,,,,,,,
19,87,FALSE,FALSE,,FALSE,FALSE,FALSE,FALSE,FALSE,FALSE,FALSE,FALSE,FALSE,FALSE
19,57,FALSE,FALSE,,FALSE,FALSE,FALSE,FALSE,FALSE,FALSE,FALSE,FALSE,FALSE,FALSE
19,94,FALSE,FALSE,,FALSE,FALSE,FALSE,FALSE,FALSE,FALSE,FALSE,FALSE,FALSE,FALSE
19,31,FALSE,FALSE,,FALSE,FALSE,FALSE,FALSE,FALSE,FALSE,FALSE,FALSE,FALSE,FALSE
19,7,FALSE,FALSE,,FALSE,FALSE,FALSE,FALSE,FALSE,FALSE,FALSE,FALSE,FALSE,FALSE
19,82,FALSE,FALSE,,FALSE,FALSE,FALSE,FALSE,FALSE,FALSE,FALSE,FALSE,FALSE,FALSE
19,70,FALSE,FALSE,,FALSE,FALSE,FALSE,FALSE,FALSE,FALSE,FALSE,FALSE,FALSE,FALSE
19,91,FALSE,FALSE,,FALSE,TRUE,FALSE,FALSE,FALSE,FALSE,FALSE,FALSE,FALSE,FALSE
19,17,TRUE,FALSE,,,,,,,,,,,
19,14,FALSE,FALSE,,FALSE,FALSE,FALSE,FALSE,FALSE,FALSE,FALSE,FALSE,FALSE,FALSE
20,75,FALSE,FALSE,,FALSE,TRUE,FALSE,TRUE,FALSE,FALSE,FALSE,FALSE,FALSE,FALSE
20,65,FALSE,FALSE,,FALSE,TRUE,TRUE,TRUE,FALSE,FALSE,FALSE,FALSE,FALSE,FALSE
20,10,TRUE,TRUE,,,,,,,,,,,
20,25,FALSE,FALSE,,FALSE,FALSE,TRUE,FALSE,FALSE,FALSE,FALSE,FALSE,FALSE,FALSE
20,80,FALSE,FALSE,,FALSE,FALSE,TRUE,FALSE,FALSE,FALSE,FALSE,FALSE,FALSE,FALSE
20,14,FALSE,FALSE,,FALSE,FALSE,TRUE,FALSE,FALSE,FALSE,FALSE,FALSE,FALSE,FALSE
20,70,TRUE,TRUE,,,,,,,,,,,
20,7,FALSE,TRUE,,FALSE,FALSE,FALSE,FALSE,FALSE,FALSE,TRUE,FALSE,FALSE,FALSE
20,15,TRUE,TRUE,,,,,,,,,,,
20,27,FALSE,FALSE,,FALSE,FALSE,FALSE,FALSE,FALSE,FALSE,TRUE,FALSE,FALSE,FALSE
20,17,TRUE,TRUE,,,,,,,,,,,
20,53,FALSE,FALSE,,FALSE,FALSE,FALSE,FALSE,FALSE,FALSE,TRUE,FALSE,FALSE,FALSE
20,84,FALSE,FALSE,,FALSE,FALSE,FALSE,FALSE,FALSE,FALSE,TRUE,FALSE,FALSE,FALSE
20,20,FALSE,FALSE,,FALSE,FALSE,FALSE,FALSE,FALSE,FALSE,TRUE,FALSE,FALSE,FALSE
20,38,TRUE,TRUE,,,,,,,,,,,
20,36,FALSE,FALSE,,FALSE,FALSE,FALSE,FALSE,FALSE,TRUE,FALSE,FALSE,FALSE,FALSE
20,64,FALSE,FALSE,,FALSE,FALSE,FALSE,FALSE,FALSE,FALSE,TRUE,FALSE,FALSE,FALSE
20,4,TRUE,TRUE,,,,,,,,,,,
20,73,FALSE,FALSE,,FALSE,FALSE,FALSE,FALSE,FALSE,FALSE,TRUE,FALSE,FALSE,FALSE
20,43,TRUE,TRUE,,,,,,,,,,,
21,89,TRUE,FALSE,,,,,,,,,,,
21,59,TRUE,FALSE,,,,,,,,,,,
21,12,TRUE,FALSE,,,,,,,,,,,
21,34,TRUE,FALSE,,,,,,,,,,,
21,32,TRUE,FALSE,,,,,,,,,,,
21,36,TRUE,FALSE,,,,,,,,,,,
21,79,TRUE,FALSE,,,,,,,,,,,
21,92,TRUE,FALSE,,,,,,,,,,,
21,57,TRUE,FALSE,,,,,,,,,,,
21,27,TRUE,FALSE,,,,,,,,,,,
21,11,TRUE,FALSE,,,,,,,,,,,
21,2,TRUE,FALSE,,,,,,,,,,,
21,96,TRUE,FALSE,,,,,,,,,,,
21,85,TRUE,FALSE,,,,,,,,,,,
21,7,TRUE,FALSE,,,,,,,,,,,
21,29,TRUE,FALSE,,,,,,,,,,,
21,15,TRUE,FALSE,,,,,,,,,,,
21,95,TRUE,FALSE,,,,,,,,,,,
21,74,TRUE,FALSE,,,,,,,,,,,
21,67,TRUE,FALSE,,,,,,,,,,,
23,7,TRUE,TRUE,,,,,,,,,,,
23,53,TRUE,TRUE,,,,,,,,,,,
23,30,TRUE,FALSE,,,,,,,,,,,
23,51,TRUE,FALSE,,,,,,,,,,,
23,8,TRUE,FALSE,,,,,,,,,,,
23,10,TRUE,FALSE,,,,,,,,,,,
23,9,FALSE,FALSE,,FALSE,TRUE,FALSE,FALSE,FALSE,FALSE,FALSE,FALSE,FALSE,FALSE
23,71,TRUE,FALSE,,,,,,,,,,,
22,68,FALSE,FALSE,,FALSE,FALSE,FALSE,FALSE,FALSE,FALSE,FALSE,FALSE,FALSE,FALSE
23,18,TRUE,FALSE,,,,,,,,,,,
22,85,FALSE,TRUE,,FALSE,FALSE,FALSE,FALSE,FALSE,FALSE,FALSE,FALSE,FALSE,FALSE
23,37,FALSE,FALSE,,FALSE,TRUE,FALSE,FALSE,FALSE,FALSE,FALSE,FALSE,FALSE,FALSE
22,50,FALSE,TRUE,,FALSE,FALSE,FALSE,FALSE,FALSE,FALSE,FALSE,FALSE,FALSE,FALSE
23,62,FALSE,FALSE,,FALSE,TRUE,FALSE,FALSE,FALSE,TRUE,FALSE,FALSE,FALSE,FALSE
23,68,FALSE,FALSE,,FALSE,TRUE,FALSE,FALSE,FALSE,FALSE,FALSE,FALSE,FALSE,FALSE
22,57,FALSE,FALSE,,FALSE,TRUE,FALSE,FALSE,FALSE,FALSE,FALSE,FALSE,FALSE,FALSE
23,6,TRUE,TRUE,,,,,,,,,,,
23,21,TRUE,TRUE,,,,,,,,,,,
22,55,TRUE,TRUE,,,,,,,,,,,
23,61,TRUE,FALSE,,,,,,,,,,,
23,14,TRUE,FALSE,,,,,,,,,,,
23,34,TRUE,FALSE,,,,,,,,,,,
23,23,TRUE,FALSE,,,,,,,,,,,
22,70,FALSE,FALSE,,FALSE,TRUE,FALSE,FALSE,FALSE,FALSE,FALSE,TRUE,FALSE,FALSE
23,36,FALSE,FALSE,,FALSE,TRUE,FALSE,FALSE,FALSE,FALSE,FALSE,FALSE,FALSE,FALSE
23,35,TRUE,TRUE,,,,,,,,,,,
22,69,FALSE,FALSE,,FALSE,TRUE,FALSE,FALSE,FALSE,FALSE,TRUE,TRUE,FALSE,FALSE
22,20,TRUE,TRUE,,,,,,,,,,,
22,39,FALSE,FALSE,,FALSE,FALSE,FALSE,FALSE,TRUE,FALSE,TRUE,TRUE,FALSE,FALSE
22,12,FALSE,TRUE,,FALSE,FALSE,FALSE,FALSE,FALSE,FALSE,FALSE,TRUE,FALSE,FALSE
22,25,FALSE,FALSE,,FALSE,TRUE,FALSE,FALSE,FALSE,FALSE,FALSE,TRUE,TRUE,FALSE
22,71,FALSE,FALSE,,FALSE,TRUE,FALSE,FALSE,FALSE,FALSE,FALSE,FALSE,FALSE,FALSE
22,81,FALSE,FALSE,,FALSE,TRUE,FALSE,FALSE,FALSE,FALSE,TRUE,TRUE,FALSE,FALSE
22,49,FALSE,FALSE,,FALSE,TRUE,FALSE,FALSE,FALSE,FALSE,FALSE,FALSE,FALSE,FALSE
22,40,FALSE,FALSE,,FALSE,FALSE,FALSE,FALSE,FALSE,FALSE,TRUE,TRUE,FALSE,FALSE
22,3,FALSE,FALSE,,FALSE,TRUE,FALSE,FALSE,FALSE,FALSE,TRUE,TRUE,FALSE,FALSE
22,58,FALSE,FALSE,,FALSE,TRUE,FALSE,FALSE,FALSE,FALSE,FALSE,TRUE,FALSE,FALSE
22,15,TRUE,FALSE,,,,,,,,,,,
22,88,FALSE,FALSE,,FALSE,FALSE,FALSE,FALSE,FALSE,FALSE,FALSE,TRUE,FALSE,FALSE
22,63,TRUE,TRUE,,,,,,,,,,,
24,24,TRUE,FALSE,,,,,,,,,,,
24,23,TRUE,FALSE,,,,,,,,,,,
24,41,TRUE,TRUE,,,,,,,,,,,
24,13,TRUE,FALSE,,,,,,,,,,,
24,15,TRUE,FALSE,,,,,,,,,,,
24,46,TRUE,FALSE,,,,,,,,,,,
24,47,TRUE,FALSE,,,,,,,,,,,
24,39,FALSE,FALSE,,FALSE,TRUE,FALSE,FALSE,FALSE,FALSE,FALSE,FALSE,FALSE,FALSE
24,29,TRUE,FALSE,,,,,,,,,,,
24,18,FALSE,FALSE,,FALSE,FALSE,TRUE,FALSE,FALSE,FALSE,FALSE,FALSE,FALSE,FALSE
24,33,TRUE,FALSE,,,,,,,,,,,
24,19,TRUE,FALSE,,,,,,,,,,,
24,3,FALSE,FALSE,,FALSE,FALSE,TRUE,FALSE,FALSE,FALSE,FALSE,FALSE,FALSE,FALSE
24,37,FALSE,FALSE,,FALSE,FALSE,TRUE,FALSE,FALSE,FALSE,FALSE,FALSE,FALSE,FALSE
24,48,TRUE,FALSE,,,,,,,,,,,
24,55,FALSE,FALSE,,FALSE,FALSE,TRUE,FALSE,FALSE,FALSE,FALSE,FALSE,FALSE,FALSE
24,52,TRUE,TRUE,,,,,,,,,,,
24,21,TRUE,FALSE,,,,,,,,,,,
24,12,TRUE,FALSE,,,,,,,,,,,
24,7,FALSE,FALSE,,TRUE,FALSE,FALSE,FALSE,FALSE,FALSE,FALSE,FALSE,FALSE,FALSE
25,10,TRUE,TRUE,,,,,,,,,,,
25,11,TRUE,FALSE,,,,,,,,,,,
25,4,FALSE,FALSE,,FALSE,FALSE,FALSE,FALSE,FALSE,FALSE,FALSE,FALSE,FALSE,FALSE
25,55,TRUE,FALSE,,,,,,,,,,,
25,14,TRUE,FALSE,,,,,,,,,,,
25,85,FALSE,FALSE,,FALSE,FALSE,FALSE,FALSE,FALSE,FALSE,FALSE,FALSE,FALSE,FALSE
25,16,FALSE,FALSE,,FALSE,FALSE,FALSE,FALSE,FALSE,FALSE,FALSE,FALSE,FALSE,FALSE
25,1,TRUE,FALSE,,,,,,,,,,,
25,9,FALSE,FALSE,,FALSE,FALSE,FALSE,FALSE,FALSE,FALSE,FALSE,FALSE,FALSE,FALSE
25,39,FALSE,FALSE,,FALSE,TRUE,FALSE,FALSE,FALSE,FALSE,FALSE,FALSE,FALSE,FALSE
25,67,FALSE,FALSE,,FALSE,TRUE,FALSE,FALSE,FALSE,FALSE,FALSE,FALSE,FALSE,FALSE
25,8,TRUE,TRUE,,,,,,,,,,,
25,19,TRUE,FALSE,,,,,,,,,,,
25,23,TRUE,FALSE,,,,,,,,,,,
25,89,TRUE,TRUE,,,,,,,,,,,
25,56,TRUE,FALSE,,,,,,,,,,,
25,91,TRUE,FALSE,,,,,,,,,,,
25,24,TRUE,FALSE,,,,,,,,,,,
25,76,FALSE,FALSE,,FALSE,FALSE,FALSE,FALSE,FALSE,FALSE,FALSE,FALSE,FALSE,FALSE
25,43,TRUE,FALSE,,,,,,,,,,,
18,42,TRUE,FALSE,,,,,,,,,,,
18,93,FALSE,FALSE,,FALSE,FALSE,FALSE,FALSE,FALSE,FALSE,FALSE,TRUE,FALSE,FALSE
18,22,TRUE,TRUE,,,,,,,,,,,
18,37,TRUE,FALSE,,,,,,,,,,,
18,66,FALSE,FALSE,,FALSE,FALSE,FALSE,FALSE,TRUE,FALSE,TRUE,TRUE,FALSE,FALSE
18,72,FALSE,FALSE,,FALSE,FALSE,FALSE,FALSE,TRUE,FALSE,FALSE,TRUE,FALSE,FALSE
18,96,FALSE,FALSE,,FALSE,TRUE,FALSE,FALSE,FALSE,FALSE,FALSE,TRUE,FALSE,FALSE
18,5,TRUE,TRUE,,,,,,,,,,,
18,26,TRUE,FALSE,,,,,,,,,,,
18,61,FALSE,FALSE,,FALSE,FALSE,FALSE,FALSE,TRUE,FALSE,TRUE,TRUE,FALSE,FALSE
18,39,TRUE,FALSE,,,,,,,,,,,
18,30,FALSE,FALSE,,FALSE,TRUE,FALSE,TRUE,TRUE,TRUE,FALSE,TRUE,FALSE,FALSE
18,49,TRUE,TRUE,,,,,,,,,,,
18,17,TRUE,FALSE,,,,,,,,,,,
18,86,FALSE,FALSE,,FALSE,FALSE,FALSE,FALSE,FALSE,FALSE,FALSE,TRUE,TRUE,FALSE
18,18,FALSE,FALSE,,FALSE,TRUE,FALSE,TRUE,TRUE,TRUE,FALSE,TRUE,FALSE,FALSE
18,45,FALSE,FALSE,,FALSE,TRUE,FALSE,FALSE,FALSE,TRUE,FALSE,FALSE,FALSE,FALSE
18,20,FALSE,FALSE,,FALSE,FALSE,FALSE,FALSE,TRUE,FALSE,TRUE,TRUE,FALSE,FALSE
18,44,TRUE,TRUE,,,,,,,,,,,
18,94,FALSE,FALSE,,FALSE,TRUE,FALSE,FALSE,TRUE,FALSE,TRUE,TRUE,FALSE,FALSE
27,64,FALSE,FALSE,,FALSE,TRUE,FALSE,FALSE,FALSE,FALSE,FALSE,FALSE,FALSE,FALSE
27,34,TRUE,FALSE,,,,,,,,,,,
27,1,TRUE,TRUE,,,,,,,,,,,
27,25,TRUE,FALSE,,,,,,,,,,,
27,91,FALSE,FALSE,,FALSE,TRUE,FALSE,FALSE,FALSE,FALSE,FALSE,FALSE,FALSE,FALSE
27,5,TRUE,FALSE,,,,,,,,,,,
27,75,TRUE,FALSE,,,,,,,,,,,
27,69,FALSE,FALSE,,FALSE,TRUE,FALSE,FALSE,FALSE,FALSE,FALSE,FALSE,FALSE,FALSE
27,55,TRUE,FALSE,,,,,,,,,,,
29,10,TRUE,FALSE,,,,,,,,,,,
29,22,TRUE,FALSE,,,,,,,,,,,
29,24,TRUE,FALSE,,,,,,,,,,,
29,5,TRUE,FALSE,,,,,,,,,,,
27,31,TRUE,FALSE,,,,,,,,,,,
29,7,TRUE,FALSE,,,,,,,,,,,
29,18,TRUE,FALSE,,,,,,,,,,,
27,35,FALSE,FALSE,,FALSE,TRUE,FALSE,FALSE,FALSE,FALSE,FALSE,FALSE,FALSE,FALSE
27,12,TRUE,TRUE,,,,,,,,,,,
27,98,TRUE,FALSE,,,,,,,,,,,
29,4,FALSE,TRUE,,FALSE,FALSE,FALSE,FALSE,TRUE,FALSE,TRUE,TRUE,FALSE,FALSE
27,32,TRUE,FALSE,,,,,,,,,,,
29,8,TRUE,FALSE,,,,,,,,,,,
29,26,TRUE,FALSE,,,,,,,,,,,
29,28,TRUE,FALSE,,,,,,,,,,,
27,47,FALSE,FALSE,,FALSE,TRUE,FALSE,FALSE,FALSE,FALSE,FALSE,FALSE,FALSE,FALSE
29,2,TRUE,FALSE,,,,,,,,,,,
27,9,TRUE,FALSE,,,,,,,,,,,
29,16,TRUE,FALSE,,,,,,,,,,,
29,3,TRUE,FALSE,,,,,,,,,,,
29,15,TRUE,FALSE,,,,,,,,,,,
27,13,FALSE,FALSE,,FALSE,TRUE,FALSE,FALSE,FALSE,FALSE,FALSE,FALSE,FALSE,FALSE
27,42,TRUE,FALSE,,,,,,,,,,,
29,9,TRUE,FALSE,,,,,,,,,,,
27,36,FALSE,FALSE,,FALSE,TRUE,FALSE,FALSE,FALSE,FALSE,FALSE,FALSE,FALSE,FALSE
29,19,TRUE,FALSE,,,,,,,,,,,
29,21,TRUE,FALSE,,,,,,,,,,,
29,23,TRUE,FALSE,,,,,,,,,,,
29,12,TRUE,FALSE,,,,,,,,,,,
27,26,FALSE,FALSE,,FALSE,FALSE,FALSE,FALSE,FALSE,FALSE,TRUE,FALSE,FALSE,FALSE
29,14,TRUE,FALSE,,,,,,,,,,,
26,44,FALSE,FALSE,Not relative,FALSE,FALSE,FALSE,FALSE,FALSE,FALSE,FALSE,FALSE,FALSE,FALSE
26,48,FALSE,FALSE,,FALSE,TRUE,FALSE,FALSE,FALSE,FALSE,FALSE,FALSE,FALSE,FALSE
26,6,FALSE,FALSE,,FALSE,FALSE,FALSE,FALSE,FALSE,FALSE,FALSE,FALSE,TRUE,FALSE
26,67,FALSE,FALSE,,FALSE,FALSE,FALSE,FALSE,FALSE,FALSE,TRUE,FALSE,FALSE,FALSE
26,92,FALSE,FALSE,,FALSE,FALSE,FALSE,FALSE,FALSE,FALSE,TRUE,TRUE,FALSE,FALSE
26,78,FALSE,FALSE,,FALSE,TRUE,FALSE,FALSE,FALSE,FALSE,TRUE,TRUE,FALSE,FALSE
26,85,FALSE,FALSE,,FALSE,FALSE,FALSE,FALSE,FALSE,FALSE,TRUE,TRUE,FALSE,FALSE
26,41,FALSE,FALSE,,FALSE,FALSE,FALSE,FALSE,FALSE,FALSE,FALSE,FALSE,TRUE,FALSE
26,1,FALSE,FALSE,,FALSE,TRUE,FALSE,FALSE,FALSE,FALSE,FALSE,FALSE,FALSE,FALSE
26,18,FALSE,FALSE,,FALSE,FALSE,FALSE,FALSE,FALSE,FALSE,FALSE,TRUE,FALSE,FALSE
26,19,FALSE,FALSE,,FALSE,TRUE,FALSE,FALSE,FALSE,FALSE,FALSE,FALSE,TRUE,FALSE
26,90,FALSE,FALSE,,FALSE,TRUE,FALSE,FALSE,FALSE,FALSE,FALSE,FALSE,FALSE,FALSE
26,64,FALSE,FALSE,,FALSE,FALSE,FALSE,FALSE,FALSE,FALSE,TRUE,FALSE,FALSE,FALSE
26,87,FALSE,FALSE,,FALSE,FALSE,FALSE,FALSE,FALSE,FALSE,TRUE,FALSE,FALSE,FALSE
26,22,TRUE,FALSE,,,,,,,,,,,
26,21,FALSE,FALSE,,FALSE,TRUE,FALSE,FALSE,FALSE,FALSE,FALSE,FALSE,TRUE,FALSE
26,2,FALSE,FALSE,,FALSE,FALSE,FALSE,FALSE,FALSE,FALSE,TRUE,TRUE,FALSE,FALSE
26,98,FALSE,TRUE,Routine appointment ,FALSE,FALSE,FALSE,FALSE,FALSE,FALSE,FALSE,FALSE,FALSE,FALSE
26,7,FALSE,FALSE,,FALSE,FALSE,FALSE,FALSE,FALSE,FALSE,TRUE,FALSE,FALSE,FALSE
26,62,FALSE,FALSE,,FALSE,FALSE,FALSE,FALSE,FALSE,FALSE,TRUE,FALSE,FALSE,FALSE
30,92,TRUE,FALSE,,,,,,,,,,,
30,68,TRUE,FALSE,,,,,,,,,,,
30,51,FALSE,FALSE,,FALSE,FALSE,TRUE,FALSE,FALSE,FALSE,FALSE,FALSE,FALSE,FALSE
30,32,TRUE,FALSE,,,,,,,,,,,
30,75,TRUE,FALSE,,,,,,,,,,,
30,19,TRUE,FALSE,,,,,,,,,,,
30,8,TRUE,FALSE,,,,,,,,,,,
30,54,FALSE,FALSE,,FALSE,FALSE,TRUE,FALSE,FALSE,FALSE,FALSE,FALSE,FALSE,FALSE
30,33,FALSE,FALSE,,FALSE,FALSE,TRUE,FALSE,FALSE,FALSE,FALSE,FALSE,FALSE,FALSE
30,90,TRUE,FALSE,,,,,,,,,,,
30,45,TRUE,TRUE,,,,,,,,,,,
30,31,TRUE,FALSE,,,,,,,,,,,
30,13,FALSE,FALSE,,FALSE,TRUE,FALSE,FALSE,FALSE,FALSE,FALSE,FALSE,FALSE,FALSE
30,69,TRUE,TRUE,,,,,,,,,,,
30,35,TRUE,FALSE,,,,,,,,,,,
30,83,TRUE,FALSE,,,,,,,,,,,
30,10,TRUE,FALSE,,,,,,,,,,,
30,70,TRUE,FALSE,,,,,,,,,,,
30,74,TRUE,FALSE,,,,,,,,,,,
30,73,TRUE,FALSE,,,,,,,,,,,
31,52,TRUE,FALSE,,,,,,,,,,,
31,80,TRUE,TRUE,,,,,,,,,,,
31,7,TRUE,FALSE,,,,,,,,,,,
31,69,TRUE,FALSE,,,,,,,,,,,
31,100,TRUE,FALSE,,,,,,,,,,,
31,68,TRUE,FALSE,,,,,,,,,,,
31,86,TRUE,FALSE,,,,,,,,,,,
31,4,TRUE,FALSE,,,,,,,,,,,
31,51,TRUE,FALSE,,,,,,,,,,,
31,97,TRUE,FALSE,,,,,,,,,,,
31,62,TRUE,FALSE,,,,,,,,,,,
31,44,TRUE,FALSE,,,,,,,,,,,
31,90,TRUE,FALSE,,,,,,,,,,,
31,18,TRUE,FALSE,,,,,,,,,,,
31,21,TRUE,FALSE,,,,,,,,,,,
31,35,TRUE,TRUE,,,,,,,,,,,
31,20,TRUE,FALSE,,,,,,,,,,,
31,59,TRUE,FALSE,,,,,,,,,,,
31,56,TRUE,FALSE,,,,,,,,,,,
31,57,TRUE,FALSE,,,,,,,,,,,
32,43,TRUE,FALSE,,,,,,,,,,,
32,47,TRUE,FALSE,,,,,,,,,,,
32,16,TRUE,FALSE,,,,,,,,,,,
32,73,FALSE,FALSE,,FALSE,FALSE,FALSE,FALSE,FALSE,FALSE,TRUE,FALSE,FALSE,FALSE
32,46,TRUE,FALSE,,,,,,,,,,,
32,20,TRUE,FALSE,,,,,,,,,,,
32,33,TRUE,FALSE,,,,,,,,,,,
32,26,TRUE,FALSE,,,,,,,,,,,
32,72,TRUE,TRUE,,,,,,,,,,,
32,31,TRUE,FALSE,,,,,,,,,,,
32,54,TRUE,FALSE,,,,,,,,,,,
32,32,TRUE,FALSE,,,,,,,,,,,
32,39,TRUE,FALSE,,,,,,,,,,,
32,8,TRUE,FALSE,,,,,,,,,,,
32,79,FALSE,FALSE,,FALSE,FALSE,FALSE,FALSE,FALSE,FALSE,TRUE,FALSE,FALSE,FALSE
32,94,FALSE,FALSE,,FALSE,FALSE,FALSE,FALSE,FALSE,FALSE,TRUE,FALSE,FALSE,FALSE
32,76,FALSE,FALSE,,FALSE,FALSE,FALSE,FALSE,FALSE,FALSE,TRUE,FALSE,FALSE,FALSE
32,81,FALSE,FALSE,,FALSE,FALSE,FALSE,FALSE,FALSE,FALSE,FALSE,TRUE,FALSE,FALSE
32,44,FALSE,FALSE,,FALSE,FALSE,FALSE,FALSE,FALSE,FALSE,TRUE,FALSE,FALSE,FALSE
32,30,FALSE,FALSE,,FALSE,FALSE,FALSE,FALSE,FALSE,FALSE,TRUE,FALSE,FALSE,FALSE
28,25,TRUE,FALSE,,,,,,,,,,,
28,37,TRUE,TRUE,,,,,,,,,,,
28,7,TRUE,FALSE,,,,,,,,,,,
28,45,TRUE,TRUE,,,,,,,,,,,
28,76,TRUE,TRUE,,,,,,,,,,,
28,6,TRUE,FALSE,,,,,,,,,,,
28,24,TRUE,FALSE,,,,,,,,,,,
28,93,TRUE,FALSE,,,,,,,,,,,
28,46,TRUE,FALSE,,,,,,,,,,,
28,12,TRUE,TRUE,,,,,,,,,,,
28,97,TRUE,FALSE,,,,,,,,,,,
28,14,TRUE,FALSE,,,,,,,,,,,
28,9,TRUE,FALSE,,,,,,,,,,,
28,5,TRUE,FALSE,,,,,,,,,,,
28,59,TRUE,FALSE,,,,,,,,,,,
28,79,TRUE,FALSE,,,,,,,,,,,
28,36,TRUE,FALSE,,,,,,,,,,,
28,75,TRUE,FALSE,,,,,,,,,,,
28,96,TRUE,FALSE,,,,,,,,,,,
28,35,FALSE,FALSE,,FALSE,TRUE,FALSE,FALSE,FALSE,FALSE,FALSE,FALSE,FALSE,FALSE
33,74,TRUE,TRUE,,,,,,,,,,,
33,75,FALSE,TRUE,,FALSE,FALSE,TRUE,FALSE,FALSE,FALSE,FALSE,FALSE,FALSE,FALSE
33,12,FALSE,FALSE,,FALSE,FALSE,TRUE,FALSE,TRUE,FALSE,FALSE,FALSE,FALSE,FALSE
33,67,TRUE,FALSE,,,,,,,,,,,
33,6,FALSE,FALSE,,FALSE,FALSE,FALSE,FALSE,FALSE,FALSE,TRUE,FALSE,FALSE,FALSE
33,16,TRUE,TRUE,,,,,,,,,,,
33,13,FALSE,FALSE,,FALSE,TRUE,FALSE,FALSE,FALSE,FALSE,FALSE,FALSE,FALSE,FALSE
33,51,TRUE,TRUE,,,,,,,,,,,
33,72,TRUE,FALSE,,,,,,,,,,,
33,22,FALSE,FALSE,,FALSE,TRUE,FALSE,FALSE,FALSE,FALSE,FALSE,FALSE,FALSE,FALSE
33,28,FALSE,FALSE,,FALSE,TRUE,FALSE,FALSE,FALSE,FALSE,FALSE,FALSE,FALSE,FALSE
33,69,FALSE,FALSE,,FALSE,FALSE,TRUE,FALSE,FALSE,FALSE,FALSE,FALSE,FALSE,FALSE
33,14,TRUE,TRUE,,,,,,,,,,,
33,11,TRUE,FALSE,,,,,,,,,,,
33,8,FALSE,FALSE,,FALSE,TRUE,TRUE,FALSE,FALSE,FALSE,FALSE,FALSE,FALSE,FALSE
33,39,FALSE,FALSE,,FALSE,FALSE,TRUE,FALSE,FALSE,FALSE,TRUE,FALSE,FALSE,FALSE
33,58,TRUE,FALSE,,,,,,,,,,,
33,54,TRUE,TRUE,,,,,,,,,,,
33,29,FALSE,FALSE,,FALSE,TRUE,TRUE,FALSE,FALSE,FALSE,FALSE,FALSE,FALSE,FALSE
33,10,FALSE,FALSE,,FALSE,TRUE,TRUE,FALSE,FALSE,FALSE,FALSE,FALSE,FALSE,FALSE
34,63,FALSE,FALSE,,FALSE,FALSE,FALSE,FALSE,FALSE,FALSE,FALSE,TRUE,FALSE,FALSE
34,16,TRUE,FALSE,,,,,,,,,,,
34,61,FALSE,FALSE,,FALSE,FALSE,FALSE,FALSE,FALSE,FALSE,FALSE,TRUE,FALSE,FALSE
34,25,TRUE,FALSE,,,,,,,,,,,
34,29,TRUE,FALSE,,,,,,,,,,,
34,32,TRUE,FALSE,,,,,,,,,,,
34,47,TRUE,FALSE,,,,,,,,,,,
34,52,TRUE,FALSE,,,,,,,,,,,
34,33,TRUE,FALSE,,,,,,,,,,,
34,36,TRUE,FALSE,,,,,,,,,,,
34,2,TRUE,FALSE,,,,,,,,,,,
34,54,FALSE,FALSE,,FALSE,FALSE,FALSE,FALSE,FALSE,FALSE,FALSE,TRUE,FALSE,FALSE
34,14,TRUE,FALSE,,,,,,,,,,,
34,21,TRUE,FALSE,,,,,,,,,,,
34,22,TRUE,FALSE,,,,,,,,,,,
34,27,TRUE,FALSE,,,,,,,,,,,
34,28,TRUE,FALSE,,,,,,,,,,,
34,48,TRUE,FALSE,,,,,,,,,,,
34,3,TRUE,FALSE,,,,,,,,,,,
34,55,TRUE,FALSE,,,,,,,,,,,
11,22,TRUE,FALSE,,,,,,,,,,,
11,61,TRUE,FALSE,,,,,,,,,,,
11,32,TRUE,TRUE,,,,,,,,,,,
11,58,TRUE,TRUE,,,,,,,,,,,
11,67,TRUE,FALSE,,,,,,,,,,,
11,6,FALSE,FALSE,,FALSE,FALSE,FALSE,FALSE,FALSE,FALSE,FALSE,FALSE,FALSE,FALSE
11,47,TRUE,FALSE,,,,,,,,,,,
11,82,FALSE,FALSE,,FALSE,FALSE,FALSE,FALSE,FALSE,FALSE,FALSE,FALSE,FALSE,FALSE
11,10,TRUE,FALSE,,,,,,,,,,,
11,46,TRUE,TRUE,,,,,,,,,,,
11,80,FALSE,FALSE,,FALSE,FALSE,FALSE,FALSE,FALSE,FALSE,FALSE,FALSE,FALSE,FALSE
11,66,TRUE,FALSE,,,,,,,,,,,
11,54,TRUE,TRUE,,,,,,,,,,,
11,60,TRUE,FALSE,,,,,,,,,,,
11,78,TRUE,FALSE,,,,,,,,,,,
11,15,TRUE,FALSE,,,,,,,,,,,
11,7,TRUE,FALSE,,,,,,,,,,,
11,56,FALSE,FALSE,,FALSE,FALSE,FALSE,FALSE,FALSE,FALSE,FALSE,FALSE,FALSE,FALSE
11,34,TRUE,FALSE,,,,,,,,,,,
11,13,TRUE,FALSE,,,,,,,,,,,
35,26,TRUE,FALSE,,,,,,,,,,,
35,89,FALSE,FALSE,I have tagged someone else in the post,FALSE,FALSE,FALSE,FALSE,FALSE,FALSE,FALSE,FALSE,FALSE,FALSE
35,16,TRUE,FALSE,,,,,,,,,,,
35,43,TRUE,FALSE,,,,,,,,,,,
35,59,FALSE,FALSE,,FALSE,TRUE,FALSE,FALSE,FALSE,FALSE,FALSE,FALSE,FALSE,FALSE
35,46,TRUE,FALSE,,,,,,,,,,,
35,90,FALSE,FALSE,,FALSE,FALSE,FALSE,FALSE,FALSE,FALSE,FALSE,TRUE,FALSE,FALSE
35,25,TRUE,FALSE,,,,,,,,,,,
35,40,TRUE,TRUE,,,,,,,,,,,
35,18,TRUE,FALSE,,,,,,,,,,,
35,11,TRUE,FALSE,,,,,,,,,,,
35,7,TRUE,FALSE,,,,,,,,,,,
35,54,TRUE,FALSE,,,,,,,,,,,
35,9,TRUE,FALSE,,,,,,,,,,,
35,87,TRUE,FALSE,,,,,,,,,,,
35,72,TRUE,FALSE,,,,,,,,,,,
35,51,TRUE,FALSE,,,,,,,,,,,
35,12,FALSE,FALSE,,FALSE,FALSE,FALSE,FALSE,FALSE,FALSE,TRUE,TRUE,FALSE,FALSE
35,31,TRUE,FALSE,,,,,,,,,,,
35,5,TRUE,FALSE,,,,,,,,,,,
36,31,FALSE,FALSE,,FALSE,TRUE,TRUE,FALSE,FALSE,FALSE,TRUE,TRUE,FALSE,FALSE
36,56,FALSE,FALSE,,FALSE,TRUE,TRUE,FALSE,FALSE,FALSE,TRUE,TRUE,FALSE,FALSE
36,42,FALSE,FALSE,,FALSE,TRUE,FALSE,FALSE,FALSE,FALSE,FALSE,TRUE,FALSE,FALSE
36,78,FALSE,FALSE,,FALSE,TRUE,FALSE,FALSE,FALSE,FALSE,FALSE,TRUE,FALSE,FALSE
36,25,FALSE,FALSE,,FALSE,TRUE,FALSE,FALSE,FALSE,FALSE,FALSE,TRUE,FALSE,FALSE
36,48,FALSE,FALSE,Also I wasn't actually there ,FALSE,TRUE,FALSE,FALSE,FALSE,FALSE,FALSE,TRUE,FALSE,FALSE
36,89,TRUE,FALSE,,,,,,,,,,,
36,20,FALSE,FALSE,,FALSE,TRUE,FALSE,FALSE,FALSE,FALSE,FALSE,TRUE,FALSE,FALSE
36,82,FALSE,FALSE,,FALSE,TRUE,FALSE,FALSE,FALSE,FALSE,FALSE,TRUE,FALSE,FALSE
36,4,FALSE,FALSE,,FALSE,TRUE,FALSE,FALSE,FALSE,FALSE,FALSE,TRUE,FALSE,FALSE
36,28,TRUE,FALSE,,,,,,,,,,,
36,3,FALSE,FALSE,,FALSE,TRUE,FALSE,FALSE,FALSE,FALSE,FALSE,TRUE,FALSE,FALSE
36,5,FALSE,FALSE,,FALSE,TRUE,FALSE,FALSE,FALSE,FALSE,FALSE,TRUE,FALSE,FALSE
36,58,FALSE,FALSE,,FALSE,TRUE,FALSE,FALSE,FALSE,FALSE,FALSE,TRUE,FALSE,FALSE
36,43,FALSE,FALSE,,FALSE,TRUE,FALSE,FALSE,FALSE,FALSE,FALSE,TRUE,FALSE,FALSE
36,73,FALSE,FALSE,,FALSE,TRUE,FALSE,FALSE,FALSE,FALSE,FALSE,TRUE,FALSE,FALSE
36,23,FALSE,FALSE,,FALSE,TRUE,FALSE,FALSE,FALSE,FALSE,FALSE,TRUE,FALSE,FALSE
36,84,FALSE,FALSE,,FALSE,TRUE,FALSE,FALSE,FALSE,FALSE,FALSE,TRUE,FALSE,FALSE
36,50,FALSE,FALSE,,FALSE,TRUE,FALSE,FALSE,FALSE,FALSE,TRUE,TRUE,FALSE,FALSE
36,85,FALSE,FALSE,"Again, its personal will it rock on any of the posts/photos",FALSE,TRUE,TRUE,FALSE,FALSE,FALSE,FALSE,TRUE,FALSE,FALSE
37,76,TRUE,TRUE,,,,,,,,,,,
37,3,TRUE,FALSE,,,,,,,,,,,
37,20,TRUE,FALSE,,,,,,,,,,,
37,14,TRUE,FALSE,,,,,,,,,,,
37,1,TRUE,FALSE,,,,,,,,,,,
37,33,TRUE,FALSE,,,,,,,,,,,
37,38,FALSE,FALSE,Contains pictures of my children ,FALSE,FALSE,FALSE,FALSE,FALSE,FALSE,FALSE,FALSE,FALSE,FALSE
37,35,TRUE,TRUE,,,,,,,,,,,
37,9,FALSE,FALSE,,FALSE,FALSE,FALSE,FALSE,FALSE,FALSE,FALSE,FALSE,FALSE,FALSE
37,45,FALSE,FALSE,Contains pictures of my children ,FALSE,FALSE,FALSE,FALSE,FALSE,FALSE,FALSE,FALSE,FALSE,FALSE
37,6,TRUE,TRUE,,,,,,,,,,,
37,31,TRUE,FALSE,,,,,,,,,,,
37,64,TRUE,TRUE,,,,,,,,,,,
37,5,TRUE,FALSE,,,,,,,,,,,
37,32,TRUE,FALSE,,,,,,,,,,,
37,58,TRUE,TRUE,,,,,,,,,,,
37,49,TRUE,FALSE,,,,,,,,,,,
37,44,TRUE,TRUE,,,,,,,,,,,
37,16,TRUE,FALSE,,,,,,,,,,,
37,75,TRUE,TRUE,,,,,,,,,,,
38,36,TRUE,TRUE,,,,,,,,,,,
38,96,FALSE,FALSE,,FALSE,FALSE,FALSE,FALSE,TRUE,FALSE,TRUE,FALSE,FALSE,FALSE
38,93,FALSE,FALSE,,FALSE,FALSE,FALSE,FALSE,FALSE,FALSE,FALSE,TRUE,FALSE,FALSE
38,97,TRUE,FALSE,,,,,,,,,,,
38,50,FALSE,FALSE,,FALSE,FALSE,TRUE,FALSE,FALSE,TRUE,FALSE,FALSE,FALSE,FALSE
38,68,TRUE,FALSE,,,,,,,,,,,
38,20,FALSE,FALSE,,FALSE,FALSE,FALSE,FALSE,TRUE,FALSE,TRUE,FALSE,FALSE,FALSE
38,64,TRUE,TRUE,,,,,,,,,,,
38,77,FALSE,FALSE,Seems irrelevant for them to know this about me,FALSE,FALSE,FALSE,FALSE,FALSE,TRUE,FALSE,TRUE,FALSE,FALSE
38,53,FALSE,FALSE,,FALSE,FALSE,TRUE,FALSE,FALSE,FALSE,FALSE,FALSE,FALSE,FALSE
38,21,FALSE,FALSE,Security issues- showing I'm away from home,FALSE,FALSE,FALSE,FALSE,TRUE,FALSE,TRUE,FALSE,FALSE,FALSE
38,1,FALSE,FALSE,,FALSE,FALSE,TRUE,FALSE,FALSE,TRUE,FALSE,FALSE,FALSE,FALSE
38,26,FALSE,FALSE,Don't want clinicians thinking I eat unhealthy all then time,FALSE,FALSE,FALSE,FALSE,TRUE,TRUE,FALSE,TRUE,FALSE,FALSE
38,73,TRUE,TRUE,,,,,,,,,,,
38,16,FALSE,FALSE,,FALSE,FALSE,FALSE,FALSE,TRUE,FALSE,TRUE,FALSE,FALSE,FALSE
38,49,FALSE,FALSE,,FALSE,FALSE,FALSE,FALSE,TRUE,FALSE,TRUE,FALSE,FALSE,FALSE
38,78,FALSE,FALSE,,FALSE,FALSE,FALSE,FALSE,TRUE,FALSE,TRUE,FALSE,FALSE,FALSE
38,81,FALSE,FALSE,,FALSE,TRUE,TRUE,FALSE,FALSE,FALSE,FALSE,FALSE,FALSE,FALSE
38,35,TRUE,FALSE,,,,,,,,,,,
38,88,FALSE,FALSE,,FALSE,FALSE,TRUE,FALSE,FALSE,FALSE,FALSE,TRUE,FALSE,FALSE
39,50,FALSE,FALSE,,FALSE,FALSE,TRUE,FALSE,FALSE,FALSE,FALSE,TRUE,FALSE,FALSE
39,1,TRUE,FALSE,,,,,,,,,,,
39,56,FALSE,FALSE,,FALSE,FALSE,TRUE,FALSE,FALSE,FALSE,FALSE,FALSE,FALSE,FALSE
39,84,TRUE,TRUE,,,,,,,,,,,
39,92,FALSE,FALSE,,FALSE,FALSE,FALSE,FALSE,FALSE,TRUE,FALSE,FALSE,FALSE,FALSE
39,49,FALSE,FALSE,,FALSE,FALSE,FALSE,FALSE,FALSE,FALSE,FALSE,TRUE,FALSE,FALSE
39,39,TRUE,FALSE,,,,,,,,,,,
39,38,TRUE,TRUE,,,,,,,,,,,
39,28,FALSE,FALSE,,FALSE,FALSE,FALSE,FALSE,FALSE,FALSE,TRUE,FALSE,FALSE,FALSE
39,82,FALSE,FALSE,,FALSE,FALSE,FALSE,FALSE,TRUE,FALSE,FALSE,TRUE,FALSE,FALSE
39,42,FALSE,FALSE,,FALSE,FALSE,FALSE,FALSE,TRUE,FALSE,FALSE,FALSE,FALSE,FALSE
39,22,FALSE,FALSE,,FALSE,FALSE,FALSE,FALSE,FALSE,FALSE,TRUE,TRUE,FALSE,FALSE
39,47,FALSE,FALSE,,FALSE,FALSE,FALSE,FALSE,TRUE,FALSE,FALSE,FALSE,FALSE,FALSE
39,70,FALSE,FALSE,,FALSE,FALSE,TRUE,FALSE,FALSE,FALSE,FALSE,FALSE,FALSE,FALSE
39,57,FALSE,FALSE,,FALSE,FALSE,TRUE,FALSE,FALSE,FALSE,FALSE,FALSE,FALSE,FALSE
39,12,FALSE,FALSE,,FALSE,FALSE,TRUE,FALSE,FALSE,FALSE,FALSE,FALSE,FALSE,FALSE
39,93,TRUE,FALSE,,,,,,,,,,,
39,13,FALSE,FALSE,,FALSE,FALSE,FALSE,FALSE,TRUE,FALSE,FALSE,TRUE,FALSE,FALSE
39,79,TRUE,TRUE,,,,,,,,,,,
39,25,FALSE,FALSE,,FALSE,FALSE,TRUE,FALSE,FALSE,FALSE,FALSE,FALSE,FALSE,FALSE
40,12,TRUE,FALSE,,,,,,,,,,,
40,7,TRUE,FALSE,,,,,,,,,,,
40,35,TRUE,FALSE,,,,,,,,,,,
40,41,FALSE,TRUE,,FALSE,FALSE,TRUE,FALSE,FALSE,FALSE,FALSE,FALSE,FALSE,FALSE
40,14,TRUE,FALSE,,,,,,,,,,,
40,26,TRUE,TRUE,,,,,,,,,,,
40,2,TRUE,FALSE,,,,,,,,,,,
40,30,TRUE,FALSE,,,,,,,,,,,
40,39,FALSE,FALSE,,FALSE,FALSE,TRUE,FALSE,FALSE,FALSE,FALSE,FALSE,FALSE,FALSE
40,6,TRUE,FALSE,,,,,,,,,,,
40,9,FALSE,FALSE,,FALSE,FALSE,TRUE,FALSE,FALSE,FALSE,FALSE,TRUE,FALSE,FALSE
40,25,FALSE,FALSE,,FALSE,FALSE,TRUE,FALSE,FALSE,FALSE,FALSE,FALSE,FALSE,FALSE
40,1,TRUE,TRUE,,,,,,,,,,,
40,37,FALSE,FALSE,,FALSE,FALSE,TRUE,FALSE,FALSE,FALSE,FALSE,FALSE,FALSE,FALSE
40,11,FALSE,FALSE,,FALSE,FALSE,TRUE,FALSE,FALSE,FALSE,FALSE,FALSE,FALSE,FALSE
40,29,TRUE,TRUE,,,,,,,,,,,
40,34,TRUE,FALSE,,,,,,,,,,,
40,21,FALSE,FALSE,,FALSE,FALSE,TRUE,FALSE,FALSE,FALSE,FALSE,TRUE,FALSE,FALSE
40,43,TRUE,FALSE,,,,,,,,,,,
40,5,FALSE,FALSE,,FALSE,FALSE,TRUE,FALSE,FALSE,FALSE,FALSE,TRUE,FALSE,FALSE
41,31,TRUE,FALSE,,,,,,,,,,,
41,79,TRUE,FALSE,,,,,,,,,,,
41,58,TRUE,FALSE,,,,,,,,,,,
41,3,TRUE,FALSE,,,,,,,,,,,
41,59,TRUE,FALSE,,,,,,,,,,,
41,43,TRUE,FALSE,,,,,,,,,,,
41,25,TRUE,FALSE,,,,,,,,,,,
41,21,TRUE,FALSE,,,,,,,,,,,
41,49,TRUE,FALSE,,,,,,,,,,,
41,96,TRUE,TRUE,,,,,,,,,,,
41,42,TRUE,FALSE,,,,,,,,,,,
41,75,TRUE,FALSE,,,,,,,,,,,
41,73,TRUE,FALSE,,,,,,,,,,,
41,32,TRUE,FALSE,,,,,,,,,,,
41,61,TRUE,FALSE,,,,,,,,,,,
41,72,TRUE,FALSE,,,,,,,,,,,
41,92,TRUE,FALSE,,,,,,,,,,,
41,20,TRUE,FALSE,,,,,,,,,,,
41,54,TRUE,TRUE,,,,,,,,,,,
41,93,TRUE,FALSE,,,,,,,,,,,
42,63,FALSE,FALSE,,FALSE,TRUE,FALSE,FALSE,TRUE,FALSE,FALSE,TRUE,FALSE,FALSE
42,33,FALSE,FALSE,,FALSE,TRUE,FALSE,FALSE,TRUE,FALSE,TRUE,TRUE,FALSE,FALSE
42,88,TRUE,FALSE,,,,,,,,,,,
42,21,TRUE,FALSE,,,,,,,,,,,
42,22,TRUE,FALSE,,,,,,,,,,,
42,52,TRUE,FALSE,,,,,,,,,,,
42,75,FALSE,FALSE,,FALSE,TRUE,FALSE,FALSE,TRUE,FALSE,TRUE,TRUE,FALSE,FALSE
42,17,TRUE,FALSE,,,,,,,,,,,
42,91,TRUE,FALSE,,,,,,,,,,,
42,12,TRUE,FALSE,,,,,,,,,,,
42,15,FALSE,FALSE,,FALSE,TRUE,FALSE,FALSE,TRUE,FALSE,TRUE,TRUE,FALSE,FALSE
42,19,TRUE,FALSE,,,,,,,,,,,
42,92,TRUE,FALSE,,,,,,,,,,,
42,44,TRUE,FALSE,,,,,,,,,,,
42,36,FALSE,FALSE,,FALSE,TRUE,FALSE,FALSE,TRUE,FALSE,TRUE,TRUE,FALSE,FALSE
42,51,FALSE,FALSE,,FALSE,FALSE,FALSE,FALSE,FALSE,FALSE,TRUE,TRUE,FALSE,FALSE
42,85,FALSE,FALSE,,FALSE,TRUE,FALSE,FALSE,FALSE,FALSE,TRUE,TRUE,FALSE,FALSE
42,46,TRUE,FALSE,,,,,,,,,,,
42,94,FALSE,FALSE,,FALSE,TRUE,FALSE,FALSE,FALSE,TRUE,TRUE,TRUE,FALSE,FALSE
42,41,TRUE,FALSE,,,,,,,,,,,
43,62,TRUE,FALSE,,,,,,,,,,,
43,80,TRUE,FALSE,,,,,,,,,,,
43,82,TRUE,TRUE,,,,,,,,,,,
43,20,TRUE,TRUE,,,,,,,,,,,
43,13,TRUE,FALSE,,,,,,,,,,,
43,7,TRUE,FALSE,,,,,,,,,,,
43,60,TRUE,FALSE,,,,,,,,,,,
43,4,TRUE,FALSE,,,,,,,,,,,
43,65,TRUE,FALSE,,,,,,,,,,,
43,28,TRUE,FALSE,,,,,,,,,,,
43,40,TRUE,FALSE,,,,,,,,,,,
43,6,TRUE,FALSE,,,,,,,,,,,
43,67,TRUE,FALSE,,,,,,,,,,,
43,25,TRUE,FALSE,,,,,,,,,,,
43,12,TRUE,FALSE,,,,,,,,,,,
43,70,TRUE,FALSE,,,,,,,,,,,
43,9,TRUE,FALSE,,,,,,,,,,,
43,17,TRUE,FALSE,,,,,,,,,,,
43,59,TRUE,FALSE,,,,,,,,,,,
43,32,TRUE,FALSE,,,,,,,,,,,
44,44,FALSE,FALSE,,FALSE,FALSE,FALSE,FALSE,FALSE,FALSE,FALSE,FALSE,FALSE,FALSE
44,22,FALSE,FALSE,,FALSE,FALSE,FALSE,FALSE,FALSE,FALSE,FALSE,FALSE,FALSE,FALSE
44,64,FALSE,FALSE,,FALSE,FALSE,FALSE,FALSE,FALSE,FALSE,FALSE,FALSE,FALSE,FALSE
44,33,FALSE,FALSE,,FALSE,FALSE,FALSE,FALSE,FALSE,FALSE,FALSE,FALSE,FALSE,FALSE
44,35,FALSE,FALSE,,FALSE,FALSE,FALSE,FALSE,FALSE,FALSE,FALSE,FALSE,FALSE,FALSE
44,39,FALSE,FALSE,,FALSE,FALSE,FALSE,FALSE,FALSE,FALSE,FALSE,FALSE,FALSE,FALSE
44,37,FALSE,FALSE,,FALSE,FALSE,FALSE,FALSE,FALSE,FALSE,FALSE,FALSE,FALSE,FALSE
44,2,TRUE,FALSE,,,,,,,,,,,
44,28,FALSE,FALSE,,FALSE,FALSE,FALSE,FALSE,FALSE,FALSE,FALSE,FALSE,FALSE,FALSE
44,31,FALSE,FALSE,,FALSE,FALSE,FALSE,FALSE,FALSE,FALSE,FALSE,FALSE,FALSE,FALSE
44,52,FALSE,FALSE,,FALSE,FALSE,FALSE,FALSE,FALSE,FALSE,FALSE,FALSE,FALSE,FALSE
44,32,FALSE,FALSE,,FALSE,FALSE,FALSE,FALSE,FALSE,FALSE,FALSE,FALSE,FALSE,FALSE
44,29,FALSE,FALSE,,FALSE,FALSE,FALSE,FALSE,FALSE,FALSE,FALSE,FALSE,FALSE,FALSE
44,65,FALSE,FALSE,,FALSE,FALSE,FALSE,FALSE,FALSE,FALSE,FALSE,FALSE,FALSE,FALSE
44,8,FALSE,FALSE,,FALSE,FALSE,FALSE,FALSE,FALSE,FALSE,FALSE,FALSE,FALSE,FALSE
44,30,FALSE,FALSE,,FALSE,FALSE,FALSE,FALSE,FALSE,FALSE,FALSE,FALSE,FALSE,FALSE
44,17,FALSE,FALSE,,FALSE,FALSE,FALSE,FALSE,FALSE,FALSE,FALSE,FALSE,FALSE,FALSE
44,49,FALSE,FALSE,,FALSE,FALSE,FALSE,FALSE,FALSE,FALSE,FALSE,FALSE,FALSE,FALSE
44,81,FALSE,FALSE,,FALSE,FALSE,FALSE,FALSE,FALSE,FALSE,FALSE,FALSE,FALSE,FALSE
44,47,FALSE,FALSE,,FALSE,FALSE,FALSE,FALSE,FALSE,FALSE,FALSE,FALSE,FALSE,FALSE
45,99,FALSE,FALSE,,FALSE,FALSE,TRUE,FALSE,FALSE,FALSE,FALSE,FALSE,FALSE,FALSE
45,91,FALSE,FALSE,,FALSE,FALSE,FALSE,FALSE,FALSE,FALSE,FALSE,TRUE,FALSE,FALSE
45,87,FALSE,FALSE,,FALSE,TRUE,FALSE,FALSE,FALSE,FALSE,FALSE,TRUE,FALSE,FALSE
45,5,TRUE,FALSE,,,,,,,,,,,
45,4,TRUE,FALSE,,,,,,,,,,,
45,94,FALSE,FALSE,Personal to me as it's photos of family,FALSE,FALSE,TRUE,FALSE,TRUE,FALSE,FALSE,FALSE,FALSE,FALSE
45,12,TRUE,FALSE,,,,,,,,,,,
45,57,FALSE,FALSE,,FALSE,FALSE,FALSE,FALSE,TRUE,FALSE,TRUE,TRUE,FALSE,FALSE
45,28,FALSE,FALSE,,FALSE,FALSE,FALSE,TRUE,TRUE,TRUE,FALSE,TRUE,FALSE,FALSE
45,53,FALSE,FALSE,,FALSE,FALSE,FALSE,FALSE,TRUE,FALSE,TRUE,TRUE,FALSE,FALSE
45,59,FALSE,FALSE,,FALSE,FALSE,FALSE,FALSE,TRUE,FALSE,TRUE,TRUE,FALSE,FALSE
45,81,FALSE,FALSE,Local to my home ,FALSE,TRUE,FALSE,FALSE,FALSE,FALSE,TRUE,TRUE,FALSE,FALSE
45,21,TRUE,FALSE,,,,,,,,,,,
45,75,FALSE,FALSE,"Close to previous address, somewhere I was frequently ",FALSE,FALSE,FALSE,FALSE,TRUE,FALSE,FALSE,TRUE,FALSE,FALSE
45,49,FALSE,FALSE,I'm a teacher and wouldn't want students to see drunken photos of me ,FALSE,FALSE,FALSE,TRUE,TRUE,FALSE,TRUE,TRUE,FALSE,FALSE
45,98,FALSE,FALSE,,FALSE,FALSE,FALSE,FALSE,TRUE,FALSE,TRUE,TRUE,FALSE,FALSE
45,74,FALSE,FALSE,It's local to my home ,FALSE,FALSE,FALSE,FALSE,TRUE,FALSE,TRUE,TRUE,FALSE,FALSE
45,43,FALSE,FALSE,,FALSE,TRUE,FALSE,FALSE,FALSE,FALSE,FALSE,FALSE,FALSE,FALSE
45,65,FALSE,FALSE,,FALSE,FALSE,FALSE,FALSE,TRUE,FALSE,TRUE,TRUE,FALSE,FALSE
45,54,FALSE,FALSE,Personal to me - family photos ,FALSE,FALSE,TRUE,FALSE,TRUE,FALSE,TRUE,TRUE,FALSE,FALSE
46,52,FALSE,TRUE,,FALSE,FALSE,FALSE,TRUE,FALSE,FALSE,FALSE,TRUE,FALSE,FALSE
46,85,FALSE,FALSE,,FALSE,FALSE,FALSE,FALSE,FALSE,FALSE,FALSE,TRUE,FALSE,FALSE
46,63,TRUE,FALSE,,,,,,,,,,,
46,78,TRUE,FALSE,,,,,,,,,,,
46,45,TRUE,TRUE,,,,,,,,,,,
46,77,FALSE,FALSE,,FALSE,FALSE,FALSE,FALSE,FALSE,FALSE,FALSE,TRUE,FALSE,FALSE
46,54,FALSE,FALSE,,FALSE,FALSE,FALSE,FALSE,FALSE,FALSE,FALSE,TRUE,FALSE,FALSE
46,33,TRUE,FALSE,,,,,,,,,,,
46,82,FALSE,FALSE,,FALSE,FALSE,FALSE,FALSE,FALSE,FALSE,FALSE,TRUE,FALSE,FALSE
46,3,FALSE,FALSE,,FALSE,FALSE,FALSE,FALSE,FALSE,FALSE,FALSE,TRUE,FALSE,FALSE
46,35,FALSE,FALSE,,FALSE,TRUE,FALSE,FALSE,FALSE,FALSE,FALSE,FALSE,FALSE,FALSE
46,42,FALSE,FALSE,,FALSE,TRUE,FALSE,FALSE,FALSE,FALSE,FALSE,FALSE,FALSE,FALSE
46,9,FALSE,FALSE,,FALSE,FALSE,FALSE,TRUE,TRUE,TRUE,FALSE,TRUE,FALSE,FALSE
46,25,TRUE,TRUE,,,,,,,,,,,
46,18,FALSE,FALSE,,FALSE,FALSE,FALSE,FALSE,FALSE,FALSE,FALSE,TRUE,FALSE,FALSE
46,36,FALSE,FALSE,,FALSE,FALSE,FALSE,FALSE,FALSE,FALSE,FALSE,TRUE,FALSE,FALSE
46,73,TRUE,TRUE,,,,,,,,,,,
46,28,TRUE,TRUE,,,,,,,,,,,
46,19,FALSE,FALSE,,FALSE,FALSE,FALSE,FALSE,FALSE,FALSE,FALSE,TRUE,FALSE,FALSE
46,89,TRUE,TRUE,,,,,,,,,,,
48,17,FALSE,FALSE,,FALSE,FALSE,TRUE,FALSE,FALSE,FALSE,FALSE,TRUE,FALSE,FALSE
48,42,FALSE,FALSE,,FALSE,FALSE,TRUE,FALSE,TRUE,TRUE,FALSE,TRUE,FALSE,FALSE
48,26,FALSE,FALSE,,FALSE,FALSE,TRUE,FALSE,FALSE,FALSE,FALSE,TRUE,FALSE,FALSE
48,40,FALSE,FALSE,,FALSE,FALSE,TRUE,FALSE,FALSE,FALSE,FALSE,FALSE,FALSE,FALSE
48,47,FALSE,FALSE,,FALSE,FALSE,TRUE,FALSE,FALSE,FALSE,FALSE,FALSE,FALSE,FALSE
48,80,FALSE,FALSE,,FALSE,FALSE,TRUE,FALSE,FALSE,FALSE,FALSE,TRUE,FALSE,FALSE
48,20,FALSE,FALSE,,FALSE,FALSE,TRUE,FALSE,FALSE,FALSE,FALSE,TRUE,FALSE,FALSE
48,35,FALSE,FALSE,,FALSE,FALSE,TRUE,FALSE,FALSE,FALSE,FALSE,TRUE,FALSE,FALSE
48,72,FALSE,FALSE,,FALSE,FALSE,TRUE,FALSE,FALSE,FALSE,FALSE,TRUE,FALSE,FALSE
48,85,FALSE,FALSE,,FALSE,FALSE,TRUE,FALSE,FALSE,FALSE,FALSE,TRUE,FALSE,FALSE
48,5,TRUE,FALSE,,,,,,,,,,,
48,21,FALSE,FALSE,,FALSE,FALSE,TRUE,FALSE,FALSE,FALSE,FALSE,TRUE,FALSE,FALSE
48,16,TRUE,TRUE,,,,,,,,,,,
48,43,TRUE,FALSE,,,,,,,,,,,
48,55,FALSE,FALSE,,FALSE,FALSE,TRUE,FALSE,FALSE,FALSE,FALSE,TRUE,FALSE,FALSE
48,92,FALSE,FALSE,,FALSE,FALSE,TRUE,FALSE,FALSE,FALSE,FALSE,TRUE,FALSE,FALSE
48,11,FALSE,FALSE,,FALSE,FALSE,TRUE,FALSE,TRUE,FALSE,FALSE,TRUE,FALSE,FALSE
48,53,FALSE,FALSE,,FALSE,FALSE,TRUE,FALSE,FALSE,FALSE,FALSE,TRUE,FALSE,FALSE
48,45,FALSE,FALSE,,FALSE,FALSE,TRUE,FALSE,FALSE,FALSE,FALSE,TRUE,FALSE,FALSE
48,83,FALSE,FALSE,,FALSE,FALSE,TRUE,FALSE,FALSE,FALSE,FALSE,TRUE,FALSE,FALSE
47,18,TRUE,FALSE,,,,,,,,,,,
47,63,FALSE,FALSE,It might be seen as advertisinf,FALSE,FALSE,FALSE,FALSE,FALSE,TRUE,FALSE,FALSE,FALSE,FALSE
47,42,TRUE,FALSE,,,,,,,,,,,
47,58,FALSE,FALSE,I usually only share with others with the same interest to save crowding my page,FALSE,FALSE,TRUE,FALSE,FALSE,FALSE,FALSE,FALSE,FALSE,FALSE
47,3,TRUE,FALSE,,,,,,,,,,,
47,69,TRUE,FALSE,,,,,,,,,,,
47,94,TRUE,FALSE,,,,,,,,,,,
47,56,TRUE,FALSE,,,,,,,,,,,
47,66,TRUE,FALSE,,,,,,,,,,,
47,72,FALSE,FALSE,only shared with others who share the same interest to save boring others,FALSE,FALSE,TRUE,FALSE,FALSE,FALSE,FALSE,FALSE,FALSE,FALSE
47,100,TRUE,FALSE,,,,,,,,,,,
47,7,TRUE,TRUE,,,,,,,,,,,
47,90,FALSE,FALSE,,FALSE,TRUE,FALSE,FALSE,FALSE,FALSE,FALSE,FALSE,FALSE,FALSE
47,87,TRUE,FALSE,,,,,,,,,,,
47,74,TRUE,FALSE,,,,,,,,,,,
47,97,TRUE,TRUE,,,,,,,,,,,
47,40,TRUE,FALSE,,,,,,,,,,,
47,91,TRUE,TRUE,,,,,,,,,,,
47,31,TRUE,FALSE,,,,,,,,,,,
47,2,TRUE,FALSE,,,,,,,,,,,
49,38,TRUE,TRUE,,,,,,,,,,,
49,65,FALSE,FALSE,,FALSE,FALSE,TRUE,FALSE,FALSE,FALSE,FALSE,FALSE,FALSE,FALSE
49,56,FALSE,FALSE,,FALSE,FALSE,FALSE,FALSE,FALSE,FALSE,FALSE,TRUE,FALSE,FALSE
49,37,TRUE,TRUE,,,,,,,,,,,
49,5,TRUE,FALSE,,,,,,,,,,,
49,57,FALSE,FALSE,,FALSE,FALSE,FALSE,FALSE,FALSE,FALSE,FALSE,TRUE,FALSE,FALSE
49,19,FALSE,FALSE,,FALSE,FALSE,TRUE,FALSE,FALSE,FALSE,FALSE,FALSE,FALSE,FALSE
49,45,TRUE,FALSE,,,,,,,,,,,
49,25,FALSE,FALSE,,FALSE,FALSE,FALSE,FALSE,FALSE,FALSE,FALSE,TRUE,FALSE,FALSE
49,4,TRUE,FALSE,,,,,,,,,,,
49,20,TRUE,FALSE,,,,,,,,,,,
49,26,TRUE,FALSE,,,,,,,,,,,
49,68,FALSE,FALSE,,FALSE,FALSE,TRUE,FALSE,FALSE,FALSE,FALSE,FALSE,FALSE,FALSE
49,63,FALSE,FALSE,,FALSE,FALSE,TRUE,FALSE,FALSE,FALSE,FALSE,FALSE,FALSE,FALSE
49,55,FALSE,FALSE,,FALSE,FALSE,TRUE,FALSE,FALSE,FALSE,FALSE,FALSE,FALSE,FALSE
49,44,FALSE,FALSE,,FALSE,FALSE,TRUE,FALSE,FALSE,FALSE,FALSE,FALSE,FALSE,FALSE
49,23,TRUE,FALSE,,,,,,,,,,,
49,40,FALSE,FALSE,,FALSE,FALSE,FALSE,FALSE,FALSE,FALSE,FALSE,TRUE,FALSE,FALSE
49,47,FALSE,FALSE,,FALSE,FALSE,FALSE,FALSE,FALSE,FALSE,FALSE,TRUE,FALSE,FALSE
49,71,FALSE,FALSE,,FALSE,FALSE,TRUE,FALSE,FALSE,FALSE,FALSE,FALSE,FALSE,FALSE
50,8,TRUE,FALSE,,,,,,,,,,,
50,67,FALSE,FALSE,"They are photos of a friend's property, and so I feel it would not be right to share them",FALSE,FALSE,TRUE,FALSE,FALSE,FALSE,FALSE,FALSE,FALSE,FALSE
50,45,TRUE,FALSE,,,,,,,,,,,
50,66,FALSE,FALSE,I can't remember even liking this page!,FALSE,TRUE,FALSE,FALSE,FALSE,FALSE,FALSE,FALSE,FALSE,FALSE
50,56,FALSE,FALSE,,FALSE,FALSE,TRUE,FALSE,FALSE,FALSE,FALSE,FALSE,FALSE,FALSE
50,26,TRUE,FALSE,,,,,,,,,,,
50,24,TRUE,FALSE,,,,,,,,,,,
50,28,TRUE,FALSE,,,,,,,,,,,
50,68,TRUE,FALSE,,,,,,,,,,,
50,58,TRUE,FALSE,,,,,,,,,,,
50,23,FALSE,FALSE,,FALSE,FALSE,TRUE,FALSE,FALSE,FALSE,FALSE,FALSE,FALSE,FALSE
50,38,FALSE,TRUE,,FALSE,FALSE,FALSE,FALSE,FALSE,TRUE,FALSE,FALSE,FALSE,FALSE
50,74,FALSE,FALSE,I wouldn't want members of the public to connect that I was on holiday away from home.,FALSE,FALSE,FALSE,FALSE,TRUE,FALSE,FALSE,TRUE,FALSE,TRUE
50,17,TRUE,FALSE,,,,,,,,,,,
50,36,FALSE,FALSE,"Again,these are photos of my friends, and they probably wouldn't want me to share them.",FALSE,FALSE,FALSE,FALSE,TRUE,FALSE,FALSE,FALSE,FALSE,FALSE
50,44,FALSE,FALSE,,FALSE,FALSE,TRUE,FALSE,FALSE,FALSE,FALSE,FALSE,FALSE,FALSE
50,79,FALSE,FALSE,there are no pictures in this album,FALSE,TRUE,FALSE,FALSE,FALSE,FALSE,FALSE,FALSE,FALSE,FALSE
50,14,FALSE,FALSE,I don't think it's relevant for researchers to know i'm cold and away from home ..,FALSE,TRUE,TRUE,FALSE,TRUE,FALSE,FALSE,FALSE,FALSE,FALSE
50,18,FALSE,FALSE,I don't really want clinicians to know I like saki bombs!,FALSE,FALSE,TRUE,TRUE,TRUE,FALSE,FALSE,TRUE,TRUE,FALSE
50,33,FALSE,FALSE,This is a photo of someone close to me who is a professional in the health services and wouldn't wan,FALSE,FALSE,TRUE,FALSE,TRUE,FALSE,FALSE,TRUE,FALSE,FALSE
52,27,FALSE,FALSE,,FALSE,FALSE,TRUE,FALSE,FALSE,FALSE,FALSE,FALSE,FALSE,FALSE
52,50,FALSE,FALSE,,FALSE,FALSE,TRUE,FALSE,FALSE,FALSE,FALSE,FALSE,FALSE,FALSE
52,12,TRUE,FALSE,,,,,,,,,,,
52,16,TRUE,FALSE,,,,,,,,,,,
52,86,TRUE,FALSE,,,,,,,,,,,
52,26,FALSE,FALSE,,FALSE,TRUE,TRUE,FALSE,FALSE,FALSE,FALSE,FALSE,FALSE,FALSE
52,62,TRUE,FALSE,,,,,,,,,,,
52,63,FALSE,FALSE,,FALSE,FALSE,TRUE,FALSE,FALSE,FALSE,FALSE,FALSE,FALSE,FALSE
52,65,TRUE,FALSE,,,,,,,,,,,
52,23,TRUE,FALSE,,,,,,,,,,,
52,8,TRUE,FALSE,,,,,,,,,,,
52,82,FALSE,FALSE,,FALSE,FALSE,TRUE,FALSE,FALSE,FALSE,FALSE,FALSE,FALSE,FALSE
52,39,FALSE,FALSE,,FALSE,TRUE,TRUE,FALSE,FALSE,FALSE,TRUE,FALSE,FALSE,FALSE
52,52,FALSE,FALSE,,FALSE,TRUE,FALSE,FALSE,FALSE,FALSE,FALSE,FALSE,FALSE,FALSE
52,49,FALSE,FALSE,,FALSE,TRUE,FALSE,FALSE,FALSE,FALSE,FALSE,FALSE,FALSE,FALSE
52,59,TRUE,FALSE,,,,,,,,,,,
52,76,FALSE,FALSE,,FALSE,TRUE,FALSE,FALSE,FALSE,FALSE,FALSE,FALSE,FALSE,FALSE
52,99,TRUE,FALSE,,,,,,,,,,,
52,48,FALSE,FALSE,,FALSE,TRUE,FALSE,FALSE,FALSE,FALSE,FALSE,FALSE,FALSE,FALSE
52,89,TRUE,FALSE,,,,,,,,,,,
53,50,TRUE,FALSE,,,,,,,,,,,
53,75,FALSE,TRUE,Checking in away from home shows that it has been a better day - or that I'm tolerating the pain and,FALSE,TRUE,FALSE,FALSE,FALSE,FALSE,FALSE,FALSE,FALSE,FALSE
53,55,FALSE,FALSE,Being away from home shows that it has been a better period - or that I'm tolerating the pain and pu,FALSE,FALSE,FALSE,FALSE,FALSE,TRUE,FALSE,FALSE,FALSE,FALSE
53,95,TRUE,FALSE,,,,,,,,,,,
53,66,FALSE,FALSE,,FALSE,TRUE,FALSE,FALSE,FALSE,FALSE,FALSE,FALSE,FALSE,FALSE
53,80,TRUE,FALSE,,,,,,,,,,,
53,78,FALSE,TRUE,I am fortunate financially. I enjoy some gentle travels when I can. I don't want to be seen as boast,FALSE,FALSE,FALSE,FALSE,FALSE,TRUE,FALSE,TRUE,FALSE,FALSE
53,69,TRUE,FALSE,,,,,,,,,,,
53,92,FALSE,FALSE,,FALSE,FALSE,FALSE,FALSE,FALSE,FALSE,FALSE,TRUE,FALSE,FALSE
53,28,TRUE,FALSE,,,,,,,,,,,
53,40,FALSE,FALSE,,FALSE,FALSE,FALSE,FALSE,FALSE,TRUE,FALSE,TRUE,FALSE,FALSE
53,100,FALSE,FALSE,,FALSE,FALSE,FALSE,FALSE,FALSE,FALSE,FALSE,TRUE,FALSE,FALSE
53,68,FALSE,FALSE,,FALSE,FALSE,TRUE,FALSE,FALSE,FALSE,FALSE,FALSE,FALSE,FALSE
53,25,FALSE,FALSE,I am seen having a good evening out. Some people could be envious or think it is boastful of me.,FALSE,FALSE,FALSE,FALSE,FALSE,TRUE,FALSE,TRUE,FALSE,FALSE
53,85,TRUE,FALSE,,,,,,,,,,,
53,70,TRUE,FALSE,,,,,,,,,,,
53,44,FALSE,FALSE,,FALSE,FALSE,FALSE,FALSE,FALSE,FALSE,FALSE,TRUE,FALSE,FALSE
53,81,TRUE,FALSE,,,,,,,,,,,
53,2,FALSE,FALSE,It is political and that type of discussion in a health support group can lead to a lot of energy be,FALSE,FALSE,FALSE,FALSE,FALSE,FALSE,FALSE,TRUE,FALSE,FALSE
53,6,FALSE,FALSE,I'd not share my location while on holiday with the general public for security reasons. ,FALSE,FALSE,FALSE,FALSE,FALSE,FALSE,FALSE,FALSE,FALSE,FALSE
54,1,TRUE,FALSE,,,,,,,,,,,
54,56,TRUE,FALSE,,,,,,,,,,,
54,47,TRUE,TRUE,,,,,,,,,,,
54,3,TRUE,FALSE,,,,,,,,,,,
54,4,TRUE,TRUE,,,,,,,,,,,
54,31,TRUE,FALSE,,,,,,,,,,,
54,43,TRUE,FALSE,,,,,,,,,,,
54,29,TRUE,TRUE,,,,,,,,,,,
54,45,TRUE,FALSE,,,,,,,,,,,
54,15,FALSE,FALSE,People receiving any benefits are often stigmatised and I would want this kept private,FALSE,FALSE,FALSE,FALSE,FALSE,TRUE,FALSE,FALSE,FALSE,FALSE
54,7,TRUE,TRUE,,,,,,,,,,,
54,5,TRUE,FALSE,,,,,,,,,,,
54,34,TRUE,FALSE,,,,,,,,,,,
54,10,TRUE,FALSE,,,,,,,,,,,
54,12,TRUE,FALSE,,,,,,,,,,,
54,27,TRUE,FALSE,,,,,,,,,,,
54,61,TRUE,TRUE,,,,,,,,,,,
54,23,TRUE,FALSE,,,,,,,,,,,
54,8,TRUE,FALSE,,,,,,,,,,,
54,55,TRUE,TRUE,,,,,,,,,,,
55,16,TRUE,FALSE,,,,,,,,,,,
55,58,TRUE,FALSE,,,,,,,,,,,
55,27,FALSE,FALSE,,FALSE,FALSE,TRUE,FALSE,FALSE,FALSE,TRUE,TRUE,FALSE,FALSE
55,56,FALSE,FALSE,,FALSE,TRUE,FALSE,FALSE,TRUE,FALSE,TRUE,FALSE,FALSE,FALSE
55,22,TRUE,FALSE,,,,,,,,,,,
55,96,FALSE,FALSE,,FALSE,FALSE,FALSE,FALSE,FALSE,FALSE,TRUE,FALSE,FALSE,FALSE
55,72,TRUE,FALSE,,,,,,,,,,,
55,45,TRUE,FALSE,,,,,,,,,,,
55,19,FALSE,FALSE,,FALSE,TRUE,FALSE,FALSE,FALSE,FALSE,FALSE,FALSE,FALSE,FALSE
55,61,TRUE,FALSE,,,,,,,,,,,
55,71,TRUE,FALSE,,,,,,,,,,,
55,12,TRUE,FALSE,,,,,,,,,,,
55,24,FALSE,FALSE,,FALSE,FALSE,TRUE,FALSE,FALSE,FALSE,TRUE,FALSE,FALSE,FALSE
55,74,FALSE,FALSE,,FALSE,FALSE,FALSE,FALSE,TRUE,FALSE,FALSE,FALSE,FALSE,FALSE
55,57,FALSE,FALSE,,FALSE,FALSE,FALSE,FALSE,TRUE,FALSE,FALSE,FALSE,FALSE,FALSE
55,28,FALSE,FALSE,,FALSE,FALSE,TRUE,FALSE,TRUE,FALSE,TRUE,TRUE,FALSE,FALSE
55,33,FALSE,FALSE,,FALSE,TRUE,FALSE,FALSE,FALSE,FALSE,TRUE,FALSE,FALSE,FALSE
55,60,FALSE,FALSE,,FALSE,FALSE,TRUE,FALSE,FALSE,FALSE,FALSE,TRUE,TRUE,FALSE
55,34,TRUE,FALSE,,,,,,,,,,,
55,7,TRUE,FALSE,,,,,,,,,,,
56,18,TRUE,FALSE,,,,,,,,,,,
56,22,FALSE,FALSE,,FALSE,FALSE,FALSE,FALSE,FALSE,TRUE,FALSE,FALSE,FALSE,FALSE
56,31,TRUE,TRUE,,,,,,,,,,,
56,19,TRUE,FALSE,,,,,,,,,,,
56,23,FALSE,FALSE,,FALSE,TRUE,FALSE,FALSE,FALSE,FALSE,FALSE,FALSE,FALSE,FALSE
56,46,FALSE,FALSE,,FALSE,FALSE,FALSE,FALSE,FALSE,FALSE,FALSE,TRUE,FALSE,FALSE
56,63,TRUE,FALSE,,,,,,,,,,,
56,8,FALSE,FALSE,,FALSE,FALSE,TRUE,FALSE,FALSE,FALSE,FALSE,FALSE,FALSE,FALSE
56,36,FALSE,FALSE,,FALSE,TRUE,FALSE,FALSE,FALSE,FALSE,FALSE,FALSE,FALSE,FALSE
56,35,FALSE,FALSE,,FALSE,FALSE,TRUE,FALSE,FALSE,FALSE,FALSE,FALSE,FALSE,FALSE
56,52,TRUE,FALSE,,,,,,,,,,,
56,54,TRUE,FALSE,,,,,,,,,,,
56,57,FALSE,FALSE,,FALSE,FALSE,FALSE,FALSE,FALSE,FALSE,FALSE,TRUE,FALSE,FALSE
56,2,TRUE,FALSE,,,,,,,,,,,
56,53,TRUE,FALSE,,,,,,,,,,,
56,43,FALSE,FALSE,,FALSE,FALSE,TRUE,FALSE,FALSE,FALSE,FALSE,FALSE,FALSE,FALSE
56,55,TRUE,FALSE,,,,,,,,,,,
56,56,TRUE,FALSE,,,,,,,,,,,
56,32,TRUE,FALSE,,,,,,,,,,,
56,1,FALSE,FALSE,,FALSE,FALSE,FALSE,FALSE,FALSE,FALSE,FALSE,FALSE,FALSE,FALSE
57,10,FALSE,FALSE,,FALSE,TRUE,FALSE,FALSE,FALSE,FALSE,FALSE,FALSE,FALSE,FALSE
57,84,FALSE,FALSE,,FALSE,FALSE,TRUE,FALSE,FALSE,FALSE,FALSE,TRUE,FALSE,FALSE
57,60,FALSE,FALSE,,FALSE,FALSE,TRUE,FALSE,FALSE,FALSE,FALSE,FALSE,FALSE,FALSE
57,59,FALSE,FALSE,,FALSE,FALSE,TRUE,TRUE,FALSE,TRUE,FALSE,TRUE,FALSE,FALSE
57,61,FALSE,FALSE,,FALSE,FALSE,TRUE,FALSE,FALSE,FALSE,FALSE,FALSE,FALSE,FALSE
57,25,FALSE,FALSE,,FALSE,FALSE,TRUE,FALSE,FALSE,FALSE,FALSE,TRUE,FALSE,FALSE
57,24,FALSE,FALSE,,FALSE,FALSE,TRUE,FALSE,FALSE,FALSE,FALSE,TRUE,FALSE,FALSE
57,27,TRUE,FALSE,,,,,,,,,,,
57,81,FALSE,FALSE,,FALSE,FALSE,TRUE,FALSE,FALSE,FALSE,FALSE,TRUE,TRUE,FALSE
57,87,FALSE,FALSE,,FALSE,FALSE,TRUE,FALSE,FALSE,FALSE,FALSE,TRUE,FALSE,FALSE
57,5,FALSE,FALSE,,FALSE,TRUE,FALSE,FALSE,FALSE,FALSE,FALSE,FALSE,FALSE,FALSE
57,66,FALSE,FALSE,,FALSE,TRUE,FALSE,FALSE,FALSE,FALSE,FALSE,FALSE,FALSE,FALSE
57,56,FALSE,FALSE,,FALSE,TRUE,FALSE,FALSE,FALSE,FALSE,FALSE,FALSE,FALSE,FALSE
57,23,FALSE,FALSE,,FALSE,FALSE,TRUE,FALSE,FALSE,FALSE,FALSE,TRUE,FALSE,FALSE
57,12,FALSE,FALSE,,FALSE,FALSE,TRUE,FALSE,FALSE,FALSE,FALSE,TRUE,FALSE,FALSE
57,47,FALSE,FALSE,,FALSE,FALSE,TRUE,FALSE,TRUE,FALSE,FALSE,TRUE,FALSE,FALSE
57,97,FALSE,FALSE,,FALSE,FALSE,TRUE,FALSE,FALSE,FALSE,FALSE,TRUE,FALSE,FALSE
57,65,FALSE,FALSE,,FALSE,FALSE,TRUE,FALSE,FALSE,FALSE,FALSE,FALSE,FALSE,FALSE
57,86,TRUE,TRUE,,,,,,,,,,,
57,77,FALSE,FALSE,,FALSE,FALSE,TRUE,FALSE,TRUE,FALSE,FALSE,FALSE,FALSE,FALSE
58,33,FALSE,FALSE,,FALSE,FALSE,TRUE,FALSE,TRUE,FALSE,TRUE,FALSE,FALSE,FALSE
58,7,TRUE,FALSE,,,,,,,,,,,
58,5,FALSE,FALSE,,FALSE,FALSE,TRUE,FALSE,TRUE,FALSE,TRUE,TRUE,FALSE,FALSE
58,67,FALSE,FALSE,,FALSE,TRUE,FALSE,FALSE,FALSE,FALSE,FALSE,FALSE,FALSE,FALSE
58,73,FALSE,FALSE,,FALSE,FALSE,TRUE,FALSE,FALSE,FALSE,FALSE,FALSE,FALSE,FALSE
58,41,TRUE,FALSE,,,,,,,,,,,
58,96,FALSE,FALSE,,FALSE,FALSE,TRUE,FALSE,FALSE,FALSE,FALSE,FALSE,FALSE,FALSE
58,70,FALSE,FALSE,,FALSE,FALSE,TRUE,FALSE,FALSE,FALSE,FALSE,FALSE,FALSE,FALSE
58,51,FALSE,FALSE,,FALSE,FALSE,TRUE,FALSE,TRUE,FALSE,TRUE,FALSE,FALSE,FALSE
58,87,TRUE,FALSE,,,,,,,,,,,
58,18,FALSE,FALSE,,FALSE,TRUE,TRUE,FALSE,FALSE,FALSE,FALSE,FALSE,FALSE,FALSE
58,50,FALSE,FALSE,,FALSE,TRUE,TRUE,FALSE,FALSE,FALSE,FALSE,FALSE,FALSE,FALSE
58,28,TRUE,TRUE,,,,,,,,,,,
58,79,FALSE,FALSE,,FALSE,TRUE,TRUE,FALSE,FALSE,FALSE,FALSE,FALSE,FALSE,FALSE
58,80,FALSE,FALSE,,FALSE,TRUE,TRUE,FALSE,FALSE,FALSE,FALSE,FALSE,FALSE,FALSE
58,16,FALSE,FALSE,,FALSE,FALSE,TRUE,FALSE,FALSE,FALSE,FALSE,FALSE,FALSE,FALSE
58,45,FALSE,FALSE,,FALSE,FALSE,TRUE,FALSE,FALSE,FALSE,FALSE,FALSE,FALSE,FALSE
58,22,FALSE,FALSE,,FALSE,FALSE,TRUE,FALSE,FALSE,FALSE,FALSE,FALSE,FALSE,FALSE
58,43,FALSE,TRUE,,FALSE,FALSE,TRUE,FALSE,FALSE,FALSE,FALSE,FALSE,FALSE,FALSE
58,61,TRUE,FALSE,,,,,,,,,,,
59,25,FALSE,FALSE,,FALSE,TRUE,FALSE,FALSE,FALSE,FALSE,FALSE,FALSE,FALSE,FALSE
59,45,FALSE,FALSE,,FALSE,FALSE,TRUE,FALSE,FALSE,FALSE,FALSE,FALSE,FALSE,FALSE
59,48,FALSE,FALSE,,FALSE,TRUE,FALSE,FALSE,FALSE,FALSE,FALSE,FALSE,FALSE,FALSE
59,29,TRUE,FALSE,,,,,,,,,,,
59,2,FALSE,FALSE,,FALSE,TRUE,FALSE,FALSE,FALSE,FALSE,FALSE,FALSE,FALSE,FALSE
59,38,FALSE,FALSE,,FALSE,TRUE,FALSE,FALSE,FALSE,FALSE,FALSE,FALSE,FALSE,FALSE
59,81,TRUE,TRUE,,,,,,,,,,,
59,96,FALSE,FALSE,,FALSE,TRUE,FALSE,FALSE,FALSE,FALSE,FALSE,FALSE,FALSE,FALSE
59,83,TRUE,FALSE,,,,,,,,,,,
59,51,TRUE,TRUE,,,,,,,,,,,
59,1,FALSE,FALSE,,FALSE,TRUE,FALSE,FALSE,FALSE,FALSE,FALSE,FALSE,FALSE,FALSE
59,16,FALSE,FALSE,,FALSE,TRUE,TRUE,FALSE,FALSE,FALSE,FALSE,FALSE,FALSE,FALSE
59,57,FALSE,FALSE,,FALSE,FALSE,TRUE,FALSE,FALSE,FALSE,FALSE,FALSE,FALSE,FALSE
59,27,FALSE,FALSE,,FALSE,TRUE,TRUE,FALSE,FALSE,FALSE,FALSE,FALSE,FALSE,FALSE
59,53,FALSE,FALSE,,FALSE,TRUE,TRUE,FALSE,FALSE,FALSE,FALSE,FALSE,FALSE,FALSE
59,98,TRUE,FALSE,,,,,,,,,,,
59,34,FALSE,FALSE,,FALSE,TRUE,FALSE,FALSE,FALSE,FALSE,FALSE,FALSE,FALSE,FALSE
59,40,TRUE,FALSE,,,,,,,,,,,
59,42,FALSE,FALSE,,FALSE,FALSE,TRUE,FALSE,FALSE,FALSE,FALSE,FALSE,FALSE,FALSE
59,52,FALSE,FALSE,,FALSE,TRUE,TRUE,FALSE,FALSE,FALSE,FALSE,FALSE,FALSE,FALSE
60,40,FALSE,FALSE,,FALSE,FALSE,FALSE,FALSE,FALSE,FALSE,TRUE,TRUE,FALSE,FALSE
60,56,TRUE,FALSE,,,,,,,,,,,
60,35,FALSE,TRUE,,FALSE,FALSE,FALSE,FALSE,FALSE,FALSE,TRUE,TRUE,FALSE,FALSE
60,68,TRUE,TRUE,,,,,,,,,,,
60,74,FALSE,FALSE,I can't see why it would be of interest for clinicians or researchers at all.,FALSE,FALSE,FALSE,FALSE,FALSE,FALSE,TRUE,TRUE,FALSE,FALSE
60,4,TRUE,FALSE,,,,,,,,,,,
60,55,FALSE,FALSE,"I can't see why it would be of interest for clinicians, researchers or support groups at all.",FALSE,FALSE,FALSE,FALSE,FALSE,FALSE,TRUE,TRUE,FALSE,FALSE
60,19,FALSE,FALSE,,FALSE,FALSE,FALSE,FALSE,FALSE,FALSE,TRUE,TRUE,FALSE,FALSE
60,58,FALSE,FALSE,,FALSE,FALSE,FALSE,FALSE,FALSE,FALSE,TRUE,TRUE,FALSE,FALSE
60,47,FALSE,FALSE,,FALSE,FALSE,FALSE,FALSE,FALSE,FALSE,TRUE,TRUE,FALSE,FALSE
60,61,FALSE,FALSE,,FALSE,FALSE,TRUE,FALSE,TRUE,TRUE,TRUE,TRUE,FALSE,FALSE
60,11,FALSE,FALSE,,FALSE,FALSE,TRUE,FALSE,FALSE,FALSE,TRUE,TRUE,FALSE,FALSE
60,46,FALSE,TRUE,,FALSE,FALSE,TRUE,FALSE,TRUE,FALSE,FALSE,TRUE,FALSE,FALSE
60,26,FALSE,FALSE,I already share this with the public elsewhere (my own art),FALSE,FALSE,TRUE,FALSE,FALSE,FALSE,FALSE,FALSE,FALSE,FALSE
60,27,FALSE,FALSE,,FALSE,TRUE,FALSE,FALSE,FALSE,FALSE,FALSE,TRUE,FALSE,FALSE
60,5,FALSE,FALSE,,FALSE,FALSE,FALSE,FALSE,FALSE,FALSE,TRUE,TRUE,FALSE,FALSE
60,13,FALSE,FALSE,,FALSE,FALSE,FALSE,FALSE,FALSE,FALSE,TRUE,TRUE,FALSE,FALSE
60,60,FALSE,FALSE,,FALSE,FALSE,TRUE,FALSE,FALSE,FALSE,FALSE,TRUE,FALSE,FALSE
60,67,FALSE,FALSE,,FALSE,FALSE,FALSE,FALSE,TRUE,TRUE,FALSE,TRUE,FALSE,FALSE
60,7,FALSE,FALSE,my own art- irrelevant for your audience. have already shared elsewhere,FALSE,TRUE,TRUE,FALSE,TRUE,FALSE,TRUE,TRUE,FALSE,FALSE
61,3,TRUE,FALSE,,,,,,,,,,,
61,79,TRUE,FALSE,,,,,,,,,,,
61,81,FALSE,FALSE,,FALSE,FALSE,TRUE,FALSE,FALSE,FALSE,FALSE,FALSE,FALSE,FALSE
61,59,FALSE,TRUE,,FALSE,FALSE,FALSE,FALSE,TRUE,FALSE,FALSE,FALSE,FALSE,FALSE
61,51,FALSE,FALSE,,FALSE,FALSE,TRUE,FALSE,FALSE,FALSE,FALSE,FALSE,FALSE,FALSE
61,6,TRUE,FALSE,,,,,,,,,,,
61,74,TRUE,TRUE,,,,,,,,,,,
61,94,FALSE,TRUE,,FALSE,FALSE,FALSE,FALSE,TRUE,FALSE,FALSE,FALSE,FALSE,FALSE
61,36,FALSE,FALSE,,FALSE,FALSE,TRUE,FALSE,FALSE,FALSE,FALSE,FALSE,FALSE,FALSE
61,43,FALSE,FALSE,,FALSE,FALSE,TRUE,FALSE,FALSE,FALSE,FALSE,FALSE,FALSE,FALSE
61,8,TRUE,FALSE,,,,,,,,,,,
61,35,TRUE,FALSE,,,,,,,,,,,
61,86,TRUE,TRUE,,,,,,,,,,,
61,70,TRUE,FALSE,,,,,,,,,,,
61,97,TRUE,FALSE,,,,,,,,,,,
61,41,TRUE,TRUE,,,,,,,,,,,
61,77,TRUE,FALSE,,,,,,,,,,,
61,71,TRUE,TRUE,,,,,,,,,,,
61,53,TRUE,FALSE,,,,,,,,,,,
61,75,TRUE,TRUE,,,,,,,,,,,
62,86,TRUE,FALSE,,,,,,,,,,,
62,9,FALSE,FALSE,,FALSE,TRUE,TRUE,FALSE,FALSE,FALSE,FALSE,FALSE,FALSE,FALSE
62,52,FALSE,FALSE,,FALSE,TRUE,FALSE,FALSE,FALSE,FALSE,FALSE,FALSE,FALSE,FALSE
62,75,FALSE,FALSE,,FALSE,TRUE,FALSE,FALSE,FALSE,FALSE,FALSE,FALSE,FALSE,FALSE
62,36,FALSE,FALSE,,FALSE,FALSE,FALSE,FALSE,FALSE,FALSE,FALSE,FALSE,FALSE,FALSE
62,71,FALSE,FALSE,,FALSE,FALSE,TRUE,FALSE,FALSE,FALSE,FALSE,FALSE,FALSE,FALSE
62,43,FALSE,FALSE,,FALSE,FALSE,FALSE,FALSE,TRUE,FALSE,FALSE,FALSE,FALSE,FALSE
62,76,FALSE,FALSE,,FALSE,TRUE,FALSE,FALSE,FALSE,FALSE,FALSE,FALSE,FALSE,FALSE
62,59,FALSE,FALSE,,FALSE,TRUE,FALSE,FALSE,FALSE,FALSE,FALSE,FALSE,FALSE,FALSE
62,25,TRUE,FALSE,,,,,,,,,,,
62,40,TRUE,FALSE,,,,,,,,,,,
62,29,FALSE,FALSE,,FALSE,FALSE,FALSE,FALSE,TRUE,FALSE,FALSE,FALSE,FALSE,FALSE
62,34,FALSE,FALSE,,FALSE,FALSE,FALSE,FALSE,FALSE,FALSE,FALSE,FALSE,FALSE,FALSE
62,22,FALSE,FALSE,,FALSE,FALSE,FALSE,FALSE,FALSE,FALSE,FALSE,FALSE,FALSE,FALSE
62,26,FALSE,FALSE,,FALSE,FALSE,FALSE,FALSE,FALSE,FALSE,FALSE,FALSE,FALSE,FALSE
62,44,FALSE,FALSE,,FALSE,FALSE,FALSE,FALSE,FALSE,FALSE,FALSE,FALSE,FALSE,FALSE
62,31,FALSE,FALSE,,FALSE,FALSE,FALSE,FALSE,FALSE,FALSE,FALSE,FALSE,FALSE,FALSE
62,7,TRUE,FALSE,,,,,,,,,,,
62,14,FALSE,FALSE,,FALSE,TRUE,FALSE,FALSE,FALSE,FALSE,FALSE,FALSE,FALSE,FALSE
62,15,FALSE,FALSE,,FALSE,FALSE,FALSE,FALSE,FALSE,FALSE,FALSE,FALSE,FALSE,FALSE
63,2,TRUE,FALSE,,,,,,,,,,,
63,1,TRUE,TRUE,,,,,,,,,,,
64,16,TRUE,FALSE,,,,,,,,,,,
64,27,TRUE,FALSE,,,,,,,,,,,
64,74,TRUE,TRUE,,,,,,,,,,,
64,31,TRUE,FALSE,,,,,,,,,,,
64,35,TRUE,TRUE,,,,,,,,,,,
64,38,TRUE,FALSE,,,,,,,,,,,
64,9,TRUE,FALSE,,,,,,,,,,,
64,5,TRUE,FALSE,,,,,,,,,,,
64,86,TRUE,FALSE,,,,,,,,,,,
64,44,TRUE,FALSE,,,,,,,,,,,
64,62,TRUE,FALSE,,,,,,,,,,,
64,68,TRUE,FALSE,,,,,,,,,,,
64,50,TRUE,FALSE,,,,,,,,,,,
64,73,TRUE,FALSE,,,,,,,,,,,
64,7,TRUE,FALSE,,,,,,,,,,,
64,15,TRUE,FALSE,,,,,,,,,,,
64,63,TRUE,FALSE,,,,,,,,,,,
64,14,TRUE,FALSE,,,,,,,,,,,
64,85,TRUE,FALSE,,,,,,,,,,,
64,25,TRUE,FALSE,,,,,,,,,,,
65,75,TRUE,FALSE,,,,,,,,,,,
65,33,TRUE,FALSE,,,,,,,,,,,
65,79,TRUE,FALSE,,,,,,,,,,,
65,73,TRUE,FALSE,,,,,,,,,,,
65,6,TRUE,FALSE,,,,,,,,,,,
65,69,TRUE,FALSE,,,,,,,,,,,
65,2,TRUE,FALSE,,,,,,,,,,,
65,13,TRUE,FALSE,,,,,,,,,,,
65,4,TRUE,FALSE,,,,,,,,,,,
65,18,TRUE,FALSE,,,,,,,,,,,
65,82,TRUE,FALSE,,,,,,,,,,,
65,47,TRUE,FALSE,,,,,,,,,,,
65,80,TRUE,FALSE,,,,,,,,,,,
65,58,FALSE,TRUE,,FALSE,FALSE,TRUE,FALSE,FALSE,FALSE,FALSE,FALSE,TRUE,FALSE
65,8,TRUE,FALSE,,,,,,,,,,,
65,38,TRUE,FALSE,,,,,,,,,,,
65,60,TRUE,FALSE,,,,,,,,,,,
65,64,TRUE,FALSE,,,,,,,,,,,
65,84,TRUE,FALSE,,,,,,,,,,,
65,30,TRUE,FALSE,,,,,,,,,,,
66,38,TRUE,FALSE,,,,,,,,,,,
66,16,TRUE,FALSE,,,,,,,,,,,
66,17,TRUE,FALSE,,,,,,,,,,,
66,5,TRUE,FALSE,,,,,,,,,,,
66,14,TRUE,FALSE,,,,,,,,,,,
66,35,TRUE,TRUE,,,,,,,,,,,
66,11,TRUE,FALSE,,,,,,,,,,,
66,3,TRUE,FALSE,,,,,,,,,,,
66,1,FALSE,FALSE,it is not relevant to such a group,FALSE,FALSE,FALSE,FALSE,FALSE,FALSE,FALSE,FALSE,FALSE,FALSE
66,8,TRUE,FALSE,,,,,,,,,,,
66,31,TRUE,FALSE,,,,,,,,,,,
66,18,TRUE,FALSE,,,,,,,,,,,
66,24,TRUE,FALSE,,,,,,,,,,,
66,37,TRUE,FALSE,,,,,,,,,,,
66,22,TRUE,FALSE,,,,,,,,,,,
66,39,FALSE,FALSE,,FALSE,TRUE,FALSE,FALSE,FALSE,FALSE,FALSE,FALSE,FALSE,FALSE
66,27,TRUE,FALSE,,,,,,,,,,,
66,15,FALSE,FALSE,not relevant,FALSE,FALSE,FALSE,FALSE,FALSE,FALSE,FALSE,FALSE,FALSE,FALSE
66,4,TRUE,FALSE,,,,,,,,,,,
66,25,TRUE,TRUE,,,,,,,,,,,
67,3,TRUE,FALSE,,,,,,,,,,,
67,67,TRUE,FALSE,,,,,,,,,,,
67,30,FALSE,FALSE,drinking / going out related content ,FALSE,FALSE,TRUE,FALSE,TRUE,FALSE,FALSE,FALSE,FALSE,FALSE
67,38,FALSE,FALSE,drinking / going out related content,FALSE,FALSE,TRUE,TRUE,TRUE,FALSE,FALSE,FALSE,FALSE,FALSE
67,75,FALSE,FALSE,,FALSE,FALSE,TRUE,FALSE,TRUE,FALSE,FALSE,FALSE,FALSE,FALSE
67,40,FALSE,FALSE,drinking / going out related content,FALSE,FALSE,TRUE,FALSE,FALSE,TRUE,FALSE,FALSE,FALSE,FALSE
67,70,FALSE,FALSE,,FALSE,FALSE,TRUE,FALSE,FALSE,FALSE,FALSE,FALSE,FALSE,FALSE
67,73,FALSE,FALSE,,FALSE,FALSE,TRUE,FALSE,FALSE,FALSE,FALSE,FALSE,FALSE,FALSE
67,59,FALSE,FALSE,drinking / going out related content,FALSE,FALSE,TRUE,FALSE,FALSE,FALSE,TRUE,FALSE,FALSE,FALSE
67,78,FALSE,FALSE,,FALSE,TRUE,TRUE,FALSE,FALSE,FALSE,FALSE,FALSE,FALSE,FALSE
67,62,TRUE,FALSE,,,,,,,,,,,
67,54,FALSE,FALSE,,FALSE,TRUE,TRUE,FALSE,FALSE,FALSE,FALSE,FALSE,FALSE,FALSE
67,33,FALSE,FALSE,,FALSE,FALSE,TRUE,TRUE,FALSE,FALSE,FALSE,FALSE,FALSE,FALSE
67,15,FALSE,FALSE,,FALSE,FALSE,TRUE,FALSE,FALSE,TRUE,FALSE,FALSE,FALSE,FALSE
67,9,FALSE,FALSE,,FALSE,FALSE,TRUE,FALSE,TRUE,TRUE,FALSE,FALSE,FALSE,FALSE
67,47,FALSE,FALSE,,FALSE,TRUE,TRUE,FALSE,FALSE,TRUE,FALSE,FALSE,FALSE,FALSE
67,18,FALSE,FALSE,drinking / going out related content,FALSE,FALSE,TRUE,FALSE,TRUE,FALSE,FALSE,FALSE,FALSE,FALSE
67,14,FALSE,FALSE,drinking / going out related content,FALSE,FALSE,TRUE,TRUE,TRUE,TRUE,TRUE,FALSE,FALSE,FALSE
67,55,FALSE,FALSE,,FALSE,TRUE,FALSE,FALSE,FALSE,FALSE,FALSE,FALSE,FALSE,FALSE
67,71,FALSE,FALSE,,FALSE,TRUE,TRUE,FALSE,FALSE,FALSE,FALSE,FALSE,FALSE,FALSE
